image,label,split
d6b3c50c9389267b.jpg,0,train
b3bea5fb4a5718c6.jpg,0,test
60e009cc20c1ffe4.jpg,0,train
593678068a68274b.jpg,0,train
39224d4aca308120.jpg,0,val
9c6feea82dd4cfba.jpg,0,train
c8140d5061433984.jpg,0,train
03127e14448b3594.jpg,0,train
8d99db3da2db3eb1.jpg,0,train
1f6c56e8974112e4.jpg,0,train
c5d2b411a86e97f2.jpg,0,train
0b7624d5e419581d.jpg,0,train
0c0b08cd7af02176.jpg,0,train
4fe7092a4f8445f6.jpg,0,test
b8d9a7c1b16c435b.jpg,0,test
49b14779a3db2aed.jpg,0,train
f157f3c2e83fcbca.jpg,0,val
29a2875164769a9b.jpg,0,train
70c223a1132da990.jpg,0,train
b0b601d50cf29770.jpg,0,val
9cff3e32ee2623cc.jpg,0,test
df9ee43ef2e89ad4.jpg,0,test
58fa4c06dcb85d83.jpg,0,train
a9cc0fb025704540.jpg,0,train
d902d6994e5198b5.jpg,0,train
86b6deea30a24a79.jpg,0,train
63cc75e4def5b01b.jpg,0,train
7a7dd845d680032c.jpg,0,train
9057a71c205f648e.jpg,0,train
d0f11c71aa0d4c03.jpg,0,train
002cd6b7e5ec5275.jpg,0,train
20a65bc659d2e3db.jpg,0,train
1e370e4b421371d3.jpg,0,train
562c6bea1071949e.jpg,0,train
dd2dbf85666ab0b6.jpg,0,test
abb34fa600a8c556.jpg,0,train
27d061d51d7e53a4.jpg,0,train
d9a28cfbd9251d6a.jpg,0,train
a97cd6185505adcf.jpg,0,val
8f2fae4b497d780b.jpg,0,train
0f785d2138ac28d0.jpg,0,test
ec9d961d38f10a88.jpg,0,val
7901e537c60ec706.jpg,0,train
af9348e45fc604ae.jpg,0,train
35d3a4fadc307bf0.jpg,0,val
fed81a3f978d353d.jpg,0,train
92bfa054b5d1d64e.jpg,0,train
6c1d885a1b467dc3.jpg,0,train
af21a61b8947527e.jpg,0,train
658bbcf2f446a733.jpg,0,train
8bd3066c633bbb8d.jpg,0,train
61fab26894a3bf42.jpg,0,train
934be62722dab84c.jpg,0,train
69651dbd8e64e2b5.jpg,0,train
7da58c5c564fd209.jpg,0,train
0d3dcd1293330b0f.jpg,0,train
c44e066fb09fc6e7.jpg,0,train
376227141bada19a.jpg,0,train
ad739de75b6719b3.jpg,0,val
02f761177fad3d4b.jpg,0,val
269d26c31a341cce.jpg,0,train
68afade3ea4352f4.jpg,0,val
4f023584c3314a0f.jpg,0,train
6f327fac37569e81.jpg,0,val
58a5c2ae159d737b.jpg,0,test
e2e0da34f01a8a2a.jpg,0,train
10b2e2581ac0c2e4.jpg,0,train
ddab49faceb49b61.jpg,0,train
b375841a9d886495.jpg,0,train
1c469cc40c5fe6b9.jpg,0,train
320224558f0b78c4.jpg,0,train
5c2673d3d78b5c18.jpg,0,train
f0f99a77820d19b6.jpg,0,train
d4b196a2ea9c7954.jpg,0,train
87a632503a324047.jpg,0,train
6da19b888fc2b1c7.jpg,0,train
9c800bbfe09368a3.jpg,0,val
2b5433e2b8375500.jpg,0,train
05f05efe588d0a44.jpg,0,train
1fe2caa35f88fa6d.jpg,0,train
eb1fffc6a4ab00b7.jpg,0,train
475c9768adba77c7.jpg,0,val
13c575f32b74ef1d.jpg,0,train
a2212a91ccba7483.jpg,0,train
dce7abd75065bfa9.jpg,0,train
5181105ab16c21e3.jpg,0,train
08e771f8464150b6.jpg,0,train
9a0af02e3898980f.jpg,0,test
0ee693da8684f1f7.jpg,0,train
2338c7b0ce09da8f.jpg,0,train
c64f7db90e8404b6.jpg,0,val
c9f7c3cecad4e724.jpg,0,test
acc88e972c416b14.jpg,0,train
082bb5ab17851a6b.jpg,0,train
ff4bee3bdbb8ba32.jpg,0,train
dc5f0d66870e66d5.jpg,0,test
eb90738828fec8c4.jpg,0,train
b378d9e3df960aa5.jpg,0,train
c6b08179e49d8cfe.jpg,0,test
3eabc08ebb003dc3.jpg,0,train
0fd24458061e4c40.jpg,0,val
d6bcbc6eb7683eba.jpg,0,train
1e4aadd240c95546.jpg,0,train
bfb9ea55ee57cba1.jpg,0,train
cd933abf2aa0d9b7.jpg,0,train
b9a8ea4a1fd478e9.jpg,0,val
9abe01684310f12a.jpg,0,train
50d85ce91eeaaced.jpg,0,val
2025c20e678e7794.jpg,0,train
889fdca1e4c3ff5f.jpg,0,train
6c1cd04ea59fe4a5.jpg,0,train
d96a15a3c465f047.jpg,0,train
aa11b747a40069e5.jpg,0,test
ec780d71eea25b96.jpg,0,train
f6da6ef5d72805d3.jpg,0,train
1e1bbf736968ebe4.jpg,0,train
645115f0f329d7e7.jpg,0,train
1d325d3ec5b59554.jpg,0,train
6648b08e3f93b4eb.jpg,0,train
9e9ee2aa1a65626e.jpg,0,train
e313ebb81dc7b3d9.jpg,0,train
5cbcffb6b69090d4.jpg,0,test
f2e6a425e6730de4.jpg,0,test
13dbc6c479eb75a1.jpg,0,train
3b899a7ba23cb30c.jpg,0,train
49c24e88a6ca9f7c.jpg,0,train
a5edbca39b3670e9.jpg,0,train
446376a93e0e527d.jpg,0,train
431c561391ed2e4a.jpg,0,train
c04f29eb88128da0.jpg,0,train
f60105542a7d5923.jpg,0,test
9a7988782d70c8b1.jpg,0,val
557d72bcf7303530.jpg,0,train
3ba959fb73436792.jpg,0,train
04b4afd00a841873.jpg,0,test
161bceaab7578db5.jpg,0,train
6d78f2420a126264.jpg,0,val
30345e3b1c6bee6c.jpg,0,train
dcb55ebfa99b7a74.jpg,0,train
3f2ebcff2514d28b.jpg,0,train
d44cb80a8368e1f4.jpg,0,train
2e23b2d025eff6d9.jpg,0,val
ccf16d73b11a89e9.jpg,0,train
b0dc833fef569f39.jpg,0,test
e522eb0aa9487282.jpg,0,train
181a5fe3c0f48a0f.jpg,0,train
841356fa69782d7d.jpg,0,val
2a2ade77f65dd578.jpg,0,val
c9c297e2f3c16422.jpg,0,train
9e29081224d3698d.jpg,0,train
631b724e3ac7a218.jpg,0,train
386ddad99c4eb788.jpg,0,train
f716bfb66986f45c.jpg,0,train
7d0b21594c70c874.jpg,0,train
314c5b70e176a263.jpg,0,train
352b2e763e056035.jpg,0,train
9043223435bda84b.jpg,0,train
06ed03c52288e74e.jpg,0,train
526d990e85c27a2b.jpg,0,val
f873cf10e4c3725e.jpg,0,train
f73d54c021bbb38d.jpg,0,train
661b3e5b8fb699c9.jpg,0,test
da4b242d3020c62a.jpg,0,train
88ecb5fe5413a3e3.jpg,0,val
5c9d36fc68caf7af.jpg,0,train
51679614604d0817.jpg,0,train
9d3c3fb467dfc91b.jpg,0,test
ff3d3ced25fd1872.jpg,0,val
4fc08b5bbe055bbd.jpg,0,train
4c66193f614563ab.jpg,0,train
347f5c822407b6ce.jpg,0,train
eae2754ad1b94d78.jpg,0,train
4103cbe7fe65c949.jpg,0,train
8fc6fe3a1db6874c.jpg,0,train
a7e572fdd4a8e501.jpg,0,val
4d93c6a0dd137e01.jpg,0,val
7b0d6bf1d38415e8.jpg,0,train
13a525db4d2d10c0.jpg,0,train
edca1abaf0617874.jpg,0,train
18b7921112712901.jpg,0,val
249ccd280f10d489.jpg,0,train
1df87849b4547849.jpg,0,val
53cc092a79dce4db.jpg,0,train
f18d6ec36bf07ca9.jpg,0,val
9badfa1ea0d5bb42.jpg,0,val
a95eca3e1c1a04f8.jpg,0,train
e2c95c622395007e.jpg,0,test
c1b021c53aa666fd.jpg,0,test
5d8d130f4b379346.jpg,0,train
54837487c605f023.jpg,0,test
ab0d2fda485673a0.jpg,0,val
64d0e6d3f9f0a321.jpg,0,train
9f1c43b04be4374e.jpg,0,train
acb0c94d20c434bf.jpg,0,train
9335f4dc4db1fd1d.jpg,0,train
d7b958725f69b863.jpg,0,train
b9673d6e112d2410.jpg,0,train
e7c0eb6f59c58468.jpg,0,test
a1a5d41e5094ccc6.jpg,0,train
eeb56cc171553540.jpg,0,train
067ec5946a3d0dfb.jpg,0,test
babd62cdcbe7abb4.jpg,0,test
4a5cdcae3379e0fd.jpg,0,test
be89110beb0ed169.jpg,0,train
041c62e414587cb4.jpg,0,val
d699a018b23366b2.jpg,0,test
1a3b490614d9b479.jpg,0,test
c0037df5f37bd23b.jpg,0,train
d1b0a2c1914c4c89.jpg,0,train
e01d9f2c7700e872.jpg,0,train
5a6bf17adac78519.jpg,0,train
fd1dbb93f265fe4a.jpg,0,train
ff393892dde8dd77.jpg,0,train
266d3bfdb5a54d36.jpg,0,train
9e4e04b78bb4640e.jpg,0,train
041b023b96017985.jpg,0,train
ef699c0b0dcdc505.jpg,0,test
cd3fee10f70211ca.jpg,0,train
eadb47e2191331b5.jpg,0,train
456f82881b47a58a.jpg,0,test
4ee0e4d2116b99a4.jpg,0,val
01ba03fb55768228.jpg,0,train
5232a0bcfdcbb2aa.jpg,0,train
1c5eb231e2aedbda.jpg,0,val
656d0afb3f6d464d.jpg,0,train
a799b019f3b38ecc.jpg,0,train
8c52fa753d5946b7.jpg,0,val
b4714cbf7f73ea8e.jpg,0,val
a9949750bc2b473b.jpg,0,train
f58e6a635c1c2882.jpg,0,train
a7837c043aa3ae6b.jpg,0,test
38c525d96beb429a.jpg,0,val
a7bbec9f9b0fe041.jpg,0,train
c10cab7e2a6f6fa8.jpg,0,train
de7ffeea634ed04e.jpg,0,train
60d5977fe0e10a0c.jpg,0,train
59ae6b272fe93962.jpg,0,val
1c77abb33f5d8d9e.jpg,0,train
df7e59740212ec0e.jpg,0,val
0f758ee75f4a7a72.jpg,0,train
0c03cd3798a7b953.jpg,0,val
f0743b03708b4592.jpg,0,test
070a5c5fb727cdf6.jpg,0,train
050bdbfd272ae385.jpg,0,val
1cd5667642c39c1f.jpg,0,train
4eb4e9a99be04816.jpg,0,val
464463be5f70ddb5.jpg,0,test
a5e5e66b7eb91216.jpg,0,train
ad9e8f7f4a79c567.jpg,0,train
fa758ddf4d10626e.jpg,0,val
5d8ad5db04d3d96d.jpg,0,train
c9266085c07b7338.jpg,0,train
6aaa6633f633262f.jpg,0,test
a2d69696ed4b2388.jpg,0,train
1e55ec27a5fc0dcf.jpg,0,train
7d28034f3bc60523.jpg,0,val
0076c855f110e2aa.jpg,0,train
91c6a182c5d83604.jpg,0,train
2f764095ca4a8c88.jpg,0,train
10ff43a25c691319.jpg,0,val
a003fc65f51ab84a.jpg,0,train
e468cedfe8340bb7.jpg,0,val
6247ef64c505c030.jpg,0,train
ee0a94b64f534234.jpg,0,train
43731bb6fed880b6.jpg,0,train
f3c0059bbf8de9e3.jpg,0,train
db4bc37b2fabf4f7.jpg,0,train
be341c008d3120b3.jpg,0,train
c86ae1e64022b154.jpg,0,train
88ef0e392321bfe6.jpg,0,test
9883277b5236bd80.jpg,0,val
a22c9be2a115b8e2.jpg,0,train
685ae8a3667b1dd6.jpg,0,train
6f3ab66025fea6a0.jpg,0,train
c9b1844455f211f7.jpg,0,train
898a7a5357be04c4.jpg,0,train
e9a7671f47bb98ab.jpg,0,test
a929779efb162305.jpg,0,train
4c53aa61f0322e78.jpg,0,train
bde6f4ef59d546c2.jpg,0,test
1da2435ebfba9a04.jpg,0,train
181b9b9e7fe50b9d.jpg,0,train
5acf6e518de35c6b.jpg,0,train
5a956fa43a63234d.jpg,0,train
b770e962364f42f5.jpg,0,train
a36689ac4ad0dea7.jpg,0,train
b65f4e024434b51e.jpg,0,train
e6df3c98e0e3f72c.jpg,0,val
19d1aa8f99040df2.jpg,0,test
bdf4cd2dfc8cd1ad.jpg,0,train
0b6f65d5bd4c6aa8.jpg,0,train
0ea6153adc87c978.jpg,0,train
12abff17a8822a06.jpg,0,train
9808b6d64f5d0a3b.jpg,0,test
2640b9b5b3d4d81c.jpg,0,train
4392b75a5e9eda94.jpg,0,test
f3a44d41b5d42550.jpg,0,train
b0d49b618bbe3cb8.jpg,0,train
4c847bfb1bea3762.jpg,0,train
ca22347410206c14.jpg,0,val
0ca4b980dcc30396.jpg,0,train
94615709702e8a3b.jpg,0,train
9bc3cf3065f0cb7f.jpg,0,train
0da4b4c555fadef2.jpg,0,train
7a6c6ea0f4d3a2a0.jpg,0,train
a4b33263585053dd.jpg,0,train
2f04dfde76b1b0e4.jpg,0,train
bda69ffaf9ed27fe.jpg,0,train
4c08faee5f73ccd8.jpg,0,train
f4e924449dfe2877.jpg,0,train
f976175d89846c14.jpg,0,train
381ec686ca930dc1.jpg,0,train
89190d9e832c670e.jpg,0,train
f7f8ed26655f42d2.jpg,0,train
184e7849cf47249c.jpg,0,train
cc65b0986e0cde95.jpg,0,test
79e99440ffce136b.jpg,0,train
786f94b8b45095af.jpg,0,test
69ccb66d359d2c48.jpg,0,val
bc8516b03ed4d3c1.jpg,0,train
6bdaf1686c54a628.jpg,0,val
5412d49f89257d8f.jpg,0,train
e08190f5529ebd2c.jpg,0,val
87ecdea7124728e9.jpg,0,train
efdcc0d7b8ca8968.jpg,0,train
220ebccfeb988017.jpg,0,train
2fa3070963ef3738.jpg,0,train
4b0d82ba942d479d.jpg,0,train
a86c556483c66eda.jpg,0,train
849cf4ae7f73de00.jpg,0,train
f3abd81e49cd1aed.jpg,0,test
dc9fa054ea3b5584.jpg,0,train
01b71413cb293cc1.jpg,0,train
d47a7a6fe8c8841c.jpg,0,train
cae95086255f5e2b.jpg,0,val
cb25a43a31412dd1.jpg,0,val
4c19f7743e43faae.jpg,0,val
512de989253e0696.jpg,0,test
5680122bdbce3cbc.jpg,0,train
c8a2630d8c8b8340.jpg,0,train
2fe618f049fbd4e3.jpg,0,val
47ce4bbf0897774e.jpg,0,train
5a2eb41c7edfb401.jpg,0,train
8e6be7f77799c480.jpg,0,test
0d67690fadd5d017.jpg,0,val
510e55a11117c2aa.jpg,0,train
bf81b365606eaa47.jpg,0,train
4f95d3d6affe1a1d.jpg,0,train
140157c682b0ba77.jpg,0,train
fac1d5ed9a661a2c.jpg,0,train
b5361d2584bd862a.jpg,0,train
35870822ba4fc89f.jpg,0,train
822ad98cf8efc3cd.jpg,0,train
285d7e145877acef.jpg,0,train
494bcc35064d61c7.jpg,0,train
402f97ad26b7a9f8.jpg,0,train
e257590f6ae97871.jpg,0,train
bc761c08f0f3d535.jpg,0,train
3166f382862948bc.jpg,0,train
a89227b06e7dd269.jpg,0,train
c24311e83f47c694.jpg,0,train
9bf1f223e7fd4dfe.jpg,0,train
61114ba2bd1e7af3.jpg,0,train
55cb439698152c97.jpg,0,train
b50d5fc2b07f1c11.jpg,0,train
5ff1ad209b5b325c.jpg,0,train
76a89101534107b9.jpg,0,train
f8ad32079967fc59.jpg,0,train
ab025c0c2b3ec6b0.jpg,0,train
a4023d728d50a031.jpg,0,train
d5188440cb48b818.jpg,0,train
93653cafd6acd126.jpg,0,train
3c20f6e5410382b8.jpg,0,val
86576ee17effcaff.jpg,0,train
15d4ae15993b14b8.jpg,0,val
8312f290edb10ff2.jpg,0,val
31ff9f56118ab7fe.jpg,0,train
55f28258ca27ad08.jpg,0,val
8baae6dfe79266fc.jpg,0,test
742853f89448e9fd.jpg,0,test
8b810bab7e50b6a6.jpg,0,train
db7ded528da13103.jpg,0,train
5e049e810468f676.jpg,0,train
dc403b65fee8e4cd.jpg,0,val
5c2252e3deea7406.jpg,0,test
7331faa74e23e5f0.jpg,0,test
0b03b63b27f783eb.jpg,0,train
20fbd4edb31ce2c7.jpg,0,test
c0c540a0be70f41b.jpg,0,train
aafba15242ab3f4f.jpg,0,train
766521a753d868e5.jpg,0,train
118cb185dfa33035.jpg,0,test
076e25e02ecb443c.jpg,0,test
19956655a2c838f3.jpg,0,train
b083acad346ee229.jpg,0,train
a215feb5bb4a1a10.jpg,0,train
bf238b4ec7c8c8b2.jpg,0,train
a655021cccc61351.jpg,0,test
3f365a74c9822d9f.jpg,0,train
b06a1cfee1396e94.jpg,0,train
ecda97d8f2312013.jpg,0,test
f4f95fa3563ed7df.jpg,0,test
210e22551967fb8a.jpg,0,train
279f5ca6d4a20b70.jpg,0,val
31ebdbfac0b3764a.jpg,0,train
66c57f1e45d5381c.jpg,0,train
bf9dff7a4a5e1618.jpg,0,test
1ef58184642cab1d.jpg,0,val
0a84b9b5859ac4be.jpg,0,train
4d162891f478b12a.jpg,0,train
57f26d5e2f2ea713.jpg,0,train
f0463e4ae728d1f6.jpg,0,val
e5c7e0dee7156642.jpg,0,train
02402f37b6595bea.jpg,0,train
5643e36681c79fe3.jpg,0,train
687e198d704e267f.jpg,0,val
f17a7820b18a23d7.jpg,0,train
48aea85b3e7d8068.jpg,0,train
879560c40c2937a7.jpg,0,test
c9f3d6adf3582d23.jpg,0,train
bc06d80d1703e644.jpg,0,train
436400a94fcea928.jpg,0,train
77d55d9e03813aab.jpg,0,val
5957235bd6440aac.jpg,0,train
92404171b473c4e2.jpg,0,train
58a1500a00ea594c.jpg,0,train
6ee7038a8eaaa924.jpg,0,val
1564218c8b86bfcd.jpg,0,train
c6e11d06fedc99ab.jpg,0,train
0ab33a514b76ae25.jpg,0,train
d8f561f42ed982ab.jpg,0,train
507bec07eee972e2.jpg,0,train
6fef91ecb3b89177.jpg,0,train
6d962d708b4cf5fd.jpg,0,train
b49b464750a96701.jpg,0,train
fb5dbb4c52839a1b.jpg,0,train
4970ad4d53c00664.jpg,0,train
281fc3987ba51405.jpg,0,train
ca9c2f817625f74a.jpg,0,val
e4177571577ae49d.jpg,0,train
2b69d8a216b8c573.jpg,0,val
801fb4bfeb6b3bd6.jpg,0,test
48116ead58c67b6f.jpg,0,train
ea65c77983efcb76.jpg,0,train
fbe96490ca3d603e.jpg,0,train
0e8aa29e17e0b1b2.jpg,0,train
d1bb3dbd00fe2b9e.jpg,0,train
27f42b3f65d50470.jpg,0,train
5d92823f9bcc152e.jpg,0,train
0eb4d2b67915a778.jpg,0,val
531c11ba25ee7502.jpg,0,train
5505022bbcd122a3.jpg,0,val
5f451542413f226d.jpg,0,train
8cf5601a1ea594c0.jpg,0,train
e44c5c7f323a7725.jpg,0,train
5b06a998ccaddfec.jpg,0,test
36f4894d2bf778ac.jpg,0,train
d58540f520836386.jpg,0,val
cd2566977f513bb7.jpg,0,val
34dac39775dcf651.jpg,0,test
607835c5bfb44318.jpg,0,train
4094d2e50298b57e.jpg,0,val
23c023710d531e0d.jpg,0,train
b59e8a00b892e9d8.jpg,0,test
6658da93e8f9f699.jpg,0,train
0b81218405bb86c8.jpg,0,train
5881b438f03f1604.jpg,0,test
e08e02412ebea540.jpg,0,val
65b099e41873b38f.jpg,0,train
09d233de0b56d516.jpg,0,train
49955e7c4785aeda.jpg,0,train
d3fc493771531b8b.jpg,0,val
7620e9ddc528eeea.jpg,0,train
347810a90be6d9af.jpg,0,val
18f789630d7625d5.jpg,0,test
17a699ba6b02b334.jpg,0,train
3e56cf46c0df8409.jpg,0,train
7e4866abaa69aabb.jpg,0,train
a143416894fc6ca6.jpg,0,val
af6d36af8e6ca841.jpg,0,train
6a988caf559b0438.jpg,0,train
9341d618292227bb.jpg,0,train
d702ce5b5cc24271.jpg,0,val
2b68de9a71a9dbc2.jpg,0,train
103e451059ff3700.jpg,0,test
744b08b565f85fd1.jpg,0,train
fa485f4b118e7a79.jpg,0,train
0a9c70dbb9e417ec.jpg,0,train
26c6bfa3f322657a.jpg,0,train
ca3a81c8c8a56cb8.jpg,0,train
301604ae08b83acd.jpg,0,train
31e0e51437b93265.jpg,0,train
f74123acde53854b.jpg,0,test
59dbec0ea143629f.jpg,0,val
d57b06b6aaa63bbf.jpg,0,val
cca9f480a5469437.jpg,0,train
10e27f86dc4fcbcb.jpg,0,train
07907cd2dbb1a089.jpg,0,train
77dd0689a6a7586b.jpg,0,train
3ef048450f0bfa24.jpg,0,train
4dd8928c7c4b0aed.jpg,0,train
888c0e1456a185d1.jpg,0,train
1a6325cb8e7a3d7d.jpg,0,test
165f9b754f24a0fc.jpg,0,val
4a1754a7dcf46a04.jpg,0,train
868ba60e7e71a16a.jpg,0,train
69b367725405a178.jpg,0,train
fd7684abc5bca1a3.jpg,0,val
108b4f9518a40bae.jpg,0,test
31979276e461709e.jpg,0,train
61e106d1edc8dc1d.jpg,0,test
be78ba1eedec6f67.jpg,0,train
14f12264f070f378.jpg,0,train
a04e805661fcc7a0.jpg,0,train
90ead2ee904f7171.jpg,0,train
1c587a12afc3af1e.jpg,0,val
33288c8baf63b4ce.jpg,0,train
94bceee6f9a02026.jpg,0,train
85c0f4adcbf70745.jpg,0,train
aec35b50b83a0357.jpg,0,train
527f33b1abb28d56.jpg,0,test
738e83061530607d.jpg,0,train
7bcb6d76ff90e528.jpg,0,train
481975b501f944c8.jpg,0,val
6905af81d78089d7.jpg,0,test
43ac279b456f620d.jpg,0,train
c0e660a67813cff2.jpg,0,train
a1396a55da3d92cf.jpg,0,train
e150f63c7acfa34e.jpg,0,val
2bbc07ab81703b10.jpg,0,train
e005f7a45a426335.jpg,0,train
975c24fff85e10dc.jpg,0,train
902b405b2c6afdfb.jpg,0,train
7fd7202e0c9a54aa.jpg,0,train
7c549cdbf255dedd.jpg,0,train
0ab4d40da5d2caaf.jpg,0,train
e5c32092e0cefcdc.jpg,0,train
a523cf267eca2b53.jpg,0,train
8d3148c294e85d50.jpg,0,train
83f17c10dcc1ea1e.jpg,0,val
5af22661b4dd49c1.jpg,0,test
9a2b11a35f5fc1e2.jpg,0,train
c1551c6651b7dd12.jpg,0,train
66826639d258e96b.jpg,0,train
c3d723eea737a93b.jpg,0,train
7db4394399413605.jpg,0,train
992dd11c2d66e037.jpg,0,train
318bc5205d991252.jpg,0,val
214231264da35d77.jpg,0,train
d670d5f47f775350.jpg,0,train
87a984697fdbc903.jpg,0,train
bd65b89d0f10ce0f.jpg,0,train
aae996b9dca80a0e.jpg,0,train
fe91f41289093f53.jpg,0,train
ce151a40ee29ca09.jpg,0,train
a312cafbb4abd9b5.jpg,0,train
dec315fd28afb98b.jpg,0,test
7991a059696bf347.jpg,0,train
14e50831e3b4f0a2.jpg,0,val
c7ed976a513a3473.jpg,0,train
e12a9299af5ceaf1.jpg,0,train
016304415bb6ddec.jpg,0,val
447f4709ef3add04.jpg,0,test
7d05c5db3129c527.jpg,0,test
36343e7df1697c50.jpg,0,test
615d12d225be0ef4.jpg,0,test
9a77c79e1251c821.jpg,0,val
93cb2343f99cbcac.jpg,0,train
1b7053736166d969.jpg,0,train
9bc86880844a1cc4.jpg,0,train
9b47bedc647f0575.jpg,0,train
70f22c12cff67fc0.jpg,0,train
b19c2e911492ce5b.jpg,0,train
61a6de83122c71d3.jpg,0,train
32e6c68f880d09da.jpg,0,val
15fbd9865d320ec9.jpg,0,train
cad1291a1a69975c.jpg,0,train
1cd479cb8ed85524.jpg,0,test
75e74b101c91540c.jpg,0,train
70a6e312bcebf004.jpg,0,train
d4d91b27141617d1.jpg,0,train
5ad7254d1d36c4c6.jpg,0,val
b7d9eb083af2a828.jpg,0,val
1bbe2eaff1d6da2c.jpg,0,val
849183ab12d376f6.jpg,0,train
ff9b16947408560b.jpg,0,train
c64fe0a0ca4b156e.jpg,0,train
d9f951508aacf9dc.jpg,0,train
b46d5029e751e09f.jpg,0,val
0b234350e23b1fe9.jpg,0,train
ede20d1081d5dea7.jpg,0,val
217181cacb37db1f.jpg,0,train
a364780a63c2f626.jpg,0,test
00154c99cef311d2.jpg,0,val
c629046cb6a9c9c7.jpg,0,train
cd1e82f0fbb41376.jpg,0,train
209d1c45bf618523.jpg,0,train
e7792da8d43bdab7.jpg,0,train
13d367f1ec4f0bd7.jpg,0,train
009e9534e485929b.jpg,0,val
3c9bf96ed310a6ab.jpg,0,test
c232e9c10ad614c3.jpg,0,train
e788e878ef9fbc7f.jpg,0,train
37871f365da9ea46.jpg,0,val
bd53c688a5b2cdf8.jpg,0,train
2337625f29fbfc27.jpg,0,val
d774157e4465ae94.jpg,0,train
bf61c4150be005e5.jpg,0,val
c8cf28398804595e.jpg,0,test
2673647fb98d5559.jpg,0,train
de9ccbc0a9afbb9c.jpg,0,train
a29c4e08a2b020d5.jpg,0,val
eec1cdcfacf63ecb.jpg,0,test
84fc89f01ff242ba.jpg,0,val
40ddaff89d99db7b.jpg,0,train
451abe292242bffc.jpg,0,train
9dab313402c04b6f.jpg,0,val
94e394f2558f698f.jpg,0,train
96e57adb67b0ae9a.jpg,0,train
891a790863f61d87.jpg,0,train
0e86973825949b4d.jpg,0,train
ec1eb9cbf13170b3.jpg,0,train
d427c1c8ae0010c9.jpg,0,train
5891d5aedfe632ae.jpg,0,train
810d4fb3a0300437.jpg,0,train
bbc8b150260e2940.jpg,0,train
4510dc3be5ca49bb.jpg,0,train
b16fb2268957952c.jpg,0,test
d611b908b857a83e.jpg,0,train
f2f4a5f9b59983cc.jpg,0,train
dd6ce80b6a98de70.jpg,0,train
d7151269b67cf445.jpg,0,val
214a0812c4ad5825.jpg,0,test
b90b6e64b0644e11.jpg,0,train
1798961ccc5cfa1c.jpg,0,train
c7daa43dcf73fa40.jpg,0,train
54ce5beb66c1691d.jpg,0,val
bfcdbe2d858847b8.jpg,0,train
c494800e475f37fb.jpg,0,train
ff7184f6a1ebe9a9.jpg,0,train
329b964d3b99543c.jpg,0,train
67d850d313e05116.jpg,0,test
889313783e9516f4.jpg,0,test
2a4f8d21f8b0394e.jpg,0,train
13402944586317e4.jpg,0,train
589027a2bc913e6e.jpg,0,test
bbfe24895b5e3330.jpg,0,test
9fe30ee05ad5ca9f.jpg,0,test
f13f0529506cc84f.jpg,0,test
8d7ab9fbc2bc78aa.jpg,0,train
09dcc6a0a412326b.jpg,0,train
09292558c64c77bb.jpg,0,val
da8d66c3264a8c22.jpg,0,train
d26e0f0fa7220d5a.jpg,0,train
4fadfc7f299fd169.jpg,0,train
c02b7f031c00dceb.jpg,0,val
3c09c7a1fb2c7557.jpg,0,train
aad11bb9332bdbb8.jpg,0,train
5c46046ffc5dfb30.jpg,0,train
78e3041db02f6b1b.jpg,0,test
cf063fc6b2fa6904.jpg,0,train
b5f5ae312323302b.jpg,0,train
5d4d95950e6b50c8.jpg,0,train
28a48f3a1035b7e4.jpg,0,test
d6e29929148bda8f.jpg,0,train
ee18b7e0a7323478.jpg,0,train
11ba5e34664b956c.jpg,0,train
5a11460e71c051f8.jpg,0,train
60a46c9c9f7a6bd5.jpg,0,train
8100a6af4a7f28b9.jpg,0,train
18e8c994ada376ca.jpg,0,train
fe51da666a0a2e6e.jpg,0,train
f5df05a35baf1f1b.jpg,0,train
aaf3f4edc3056780.jpg,0,train
32b77a7e7c80b0d4.jpg,0,train
4e4d9215ba460a21.jpg,0,train
7522291c4ec517cf.jpg,0,val
97f52913ce5de305.jpg,0,val
0573ccf68189c557.jpg,0,train
2e45d30bfcf3432c.jpg,0,train
f81ecf78c7daf615.jpg,0,train
0e8ca0132f89cb43.jpg,0,test
147f0f6af1656582.jpg,0,train
80c951adfb50375a.jpg,0,test
f2a45c5be168e0cd.jpg,0,val
e48bf826c8c10303.jpg,0,train
38a62b7b307133d7.jpg,0,test
545eff39da21d0d9.jpg,0,train
96fa0a1b82fa4ee0.jpg,0,val
098333e0c7ecf8ef.jpg,0,val
282f15cba1282148.jpg,0,train
1207dbdb42ecb378.jpg,0,train
08e0039f1869ca2a.jpg,0,train
f8bd7a77adf14bc1.jpg,0,train
c88214c051501a81.jpg,0,train
fbc34a5927f73599.jpg,0,val
be86e8c3f13c7ac3.jpg,0,train
a21b1687de9926b1.jpg,0,train
a0da06e63dd96321.jpg,0,test
031ce51b434b2a74.jpg,0,test
30f40204b4e6478d.jpg,0,train
51b29c19b254e8cc.jpg,0,train
3cb1a53f79278b92.jpg,0,test
217126f9e9c793bb.jpg,0,train
e05b35dbefa98fbd.jpg,0,val
b508be325fd07951.jpg,0,train
1a6fdaae242b642b.jpg,0,train
f0ea92051be591c0.jpg,0,train
dd30f93266962e55.jpg,0,train
54d6d2343c802585.jpg,0,test
f72fa0c02c2f4459.jpg,0,val
df787484311588fd.jpg,0,train
712878b4b6039cd4.jpg,0,train
c64341c99ef1cf67.jpg,0,train
5fe181c7e5ec2d51.jpg,0,train
dae811e3af3bc3f6.jpg,0,train
79565ad735288f1e.jpg,0,train
133e1bc09cd4741d.jpg,0,train
eed5ea7737eacadd.jpg,0,train
79e5dbfaf3de2bdc.jpg,0,test
54e8026e4ce18823.jpg,0,train
d3a83e58a4e0c2b2.jpg,0,train
038d6977b805bfc8.jpg,0,train
841a59cdae0cdfe6.jpg,0,train
57a25016768603d8.jpg,0,train
11adb6e037c94f0f.jpg,0,test
9ca45f193235ffdb.jpg,0,train
0fa2c82213f4a6f5.jpg,0,val
0fea84b1a601d2e0.jpg,0,train
c4f620fb8eeb1316.jpg,0,test
8fe342ead4448f44.jpg,0,train
a0b15c62353f03a8.jpg,0,train
361471146c7c6c38.jpg,0,train
8d2f5ea18414492b.jpg,0,train
9b23cf33455829e3.jpg,0,train
7bc595f3736c4c73.jpg,0,train
ec0b2cf07a4eae8c.jpg,0,train
440482d5afedac70.jpg,0,train
5928521dca6ceb08.jpg,0,val
73055444b817c404.jpg,0,train
e555414d229da3c6.jpg,0,val
989e5506815b5a34.jpg,0,train
a92173dee784d728.jpg,0,test
8ed53837d4435b66.jpg,0,train
bf425c95fdc16e2f.jpg,0,train
9357fedacdff6701.jpg,0,train
5def920d984c0e16.jpg,0,val
27791af2cecb60ac.jpg,0,test
e33930674b8f2476.jpg,0,test
dc602851e85ab046.jpg,0,train
646dc1790d4eb3ec.jpg,0,val
5dec8df157c7216b.jpg,0,test
7b9321c202552afe.jpg,0,train
b9103403cb380ed1.jpg,0,train
3ee75234acd5376d.jpg,0,train
24acb90e1a27f298.jpg,0,train
fc43e19740d46e14.jpg,0,train
434d9513f7fd9d67.jpg,0,train
be9b7eee085977e3.jpg,0,train
2b9ce91f4c5be6a5.jpg,0,train
dcfc1974c648ca1c.jpg,0,train
bf5b5d6ee2ec067d.jpg,0,train
eeeb613228942dd7.jpg,0,val
a90126f27ed79380.jpg,0,test
f10e2c308e5a940d.jpg,0,val
89914cb69511d149.jpg,0,val
df86c92d5fd7dceb.jpg,0,test
a685ef97de0ae22e.jpg,0,train
5643ba5748b11da9.jpg,0,train
61ee97c6517a119c.jpg,0,test
47e4371cf0d2387c.jpg,0,train
82e4164b76755210.jpg,0,train
3202534ac8bfff6a.jpg,0,val
73fdb97861c1e77f.jpg,0,train
490396d98e36010c.jpg,0,train
3c15cc37f859b0d2.jpg,0,test
f6f4cffd34e09834.jpg,0,test
efbffa6e3921101e.jpg,0,train
4b0a67afd44c7285.jpg,0,train
35cd377dc3e6c1b6.jpg,0,test
8b2f0369bdb9a3a3.jpg,0,train
ff2d03c7d1778989.jpg,0,train
5b94e5d0946268fc.jpg,0,train
6afe948e26df51cb.jpg,0,train
3263b320d85ec148.jpg,0,train
9fde25db9561c078.jpg,0,train
11336d5c8366c6b8.jpg,0,train
5dc7aeb4a2bff0ea.jpg,0,val
735a94c0805722cb.jpg,0,train
5403838d8946b937.jpg,0,train
9c679cc65e42edc3.jpg,0,train
1e0fbfd00fad17db.jpg,0,test
17753af64137538f.jpg,0,train
a678a483e06c8de5.jpg,0,train
5ece4f2ccf57598f.jpg,0,test
ca2241b1415a8118.jpg,0,test
6f169173691b43f9.jpg,0,train
a8d2ce31d47e422f.jpg,0,train
678500cdd90320e2.jpg,0,train
c3e06a34e8e30db7.jpg,0,train
2df7297ce0dc0024.jpg,0,val
cfba2c8361a6650d.jpg,0,train
41e7be173f70479d.jpg,0,val
882324a66df0741d.jpg,0,train
c9c1b0a92d51f451.jpg,0,test
16c9084fb93c8983.jpg,0,test
f6e83f157f91ba14.jpg,0,train
e375324c6b761d8b.jpg,0,train
e2de088a367987d4.jpg,0,train
ae87733b558468d7.jpg,0,train
216e46825b1d6e01.jpg,0,train
fcffe29cee89d9aa.jpg,0,train
1c87d8f1f9b5ea5f.jpg,0,val
ace40ac746e23f79.jpg,0,train
63bae19a5af0d31d.jpg,0,train
8faf4cb097710e34.jpg,0,test
cec4c0aa88f1ac83.jpg,0,train
164f0a3089658e58.jpg,0,train
c1fca63ce5312d77.jpg,0,train
658121862dc0b994.jpg,0,val
8006c621bb90c470.jpg,0,train
d148bec65effc15f.jpg,0,train
88ca94c7b8dec9da.jpg,0,train
1331bd1865487083.jpg,0,train
a955d67f169e4289.jpg,0,train
bc6c9337b57d46a9.jpg,0,val
79283de39ab547da.jpg,0,train
9e2abe54d453387a.jpg,0,train
b914f369811de76b.jpg,0,train
f513dd4f4146e5f5.jpg,0,train
80729fe97f4d9f7b.jpg,0,train
0f050f595a01262e.jpg,0,test
2792d5c94e7d46b6.jpg,0,train
54f76d8e4fd7ceda.jpg,0,train
368a8d92bc22fcb1.jpg,0,val
d7ce63e7f5d1fa99.jpg,0,test
584ba62785176347.jpg,0,train
34999f0db66fad0f.jpg,0,train
e1b6bd826d749edc.jpg,0,train
fcee5e5587d99b8e.jpg,0,train
a5a3d35948a8ce74.jpg,0,test
b7905d4fdf231019.jpg,0,train
0ddf598c842bfd4a.jpg,0,train
8431ec333ffca61f.jpg,0,train
81287b93ea5af720.jpg,0,train
e4ab32d8c66ba5c8.jpg,0,train
47b819b8beadaad5.jpg,0,train
0524d4cd2d0a6628.jpg,0,train
f6ea706b2c5117ce.jpg,0,train
f3441c8009681a04.jpg,0,train
cef1a391e78b4e25.jpg,0,train
a11e73dce503563b.jpg,0,train
da5bb4c5f4c4faea.jpg,0,train
08eac555b2cc7ff0.jpg,0,val
e79524801258b5ce.jpg,0,test
c6c274d4aa4d7c32.jpg,0,train
39563fe0f5c5d13d.jpg,0,test
036124005a6257dd.jpg,0,train
01305c3ddc0e5858.jpg,0,train
90ecd77525490aec.jpg,0,train
3b2f3fe97d1e1561.jpg,0,test
ee97b9d320cdd293.jpg,0,train
82cb8e468f9632b2.jpg,0,train
70820acd435bf22b.jpg,0,test
4c1ac10b07342b52.jpg,0,train
9dc75e2204296361.jpg,0,train
cdf9366e06f7d8dd.jpg,0,train
cf0228f85da940d7.jpg,0,train
aba50637a3226649.jpg,0,val
ab9ab4de9ec01959.jpg,0,train
560abac598e3ce64.jpg,0,test
12b82a2fa9dc7f03.jpg,0,test
710430bd36d0bcc3.jpg,0,train
c0408fa716197b32.jpg,0,train
f718e69cdb0745c6.jpg,0,train
a1981614c3a414a5.jpg,0,train
a2f16d759c17e4f1.jpg,0,val
055937a2fd7ca138.jpg,0,train
64250a6ba1f44414.jpg,0,test
8187f1cafc70893c.jpg,0,train
9bcc424bda477c7f.jpg,0,train
ed3268e8b378a922.jpg,0,val
49cf8835e6e33983.jpg,0,train
837c63442cc1da94.jpg,0,test
e620d5b9270be6b6.jpg,0,train
698eb0be38525eef.jpg,0,train
075bf748edbbe9ca.jpg,0,train
ffc7404fc41862e0.jpg,0,train
661c940ce6b5ec96.jpg,0,train
2ded162dc1ac1a44.jpg,0,train
cabb3bff31a4458e.jpg,0,train
31b4ef5f81ab6f23.jpg,0,test
beee8f673569ec25.jpg,0,train
22230e453e92beaa.jpg,0,train
321db3b8175d7ec9.jpg,0,val
40fbdb82a99f9f58.jpg,0,train
038a23b85848479e.jpg,0,train
2518971e1192c553.jpg,0,test
97519cf4dc52e3dd.jpg,0,train
7df98bd58fd332b9.jpg,0,train
059061cb5522bc75.jpg,0,train
8561eec82642fb01.jpg,0,train
86e83099cf8beafb.jpg,0,val
d923ae0dea416a03.jpg,0,train
198f4988c046b9f7.jpg,0,train
ae9e7e99d0e36283.jpg,0,train
14091a0a8898b45c.jpg,0,train
9c9cdd5e78c9a563.jpg,0,train
67e4d5e7fe9ff5e4.jpg,0,train
ba5bc9a298c9b603.jpg,0,train
f4b2147637e75585.jpg,0,train
57bc1164d5f570e3.jpg,0,train
fde06a385e321d20.jpg,0,train
2f9480cd97cd1d9d.jpg,0,train
1a724425dfc50f9e.jpg,0,train
cb3a8f7329ccc10e.jpg,0,train
be2ce307119dccff.jpg,0,train
66dd682d09b9ce15.jpg,0,train
3428b6b2de34a96e.jpg,0,train
1c97527a80248a1b.jpg,0,train
b93a51647b881f54.jpg,0,train
7323b6bbf315b073.jpg,0,train
1c70f91deeb9795e.jpg,0,train
62fdd2dced0543a3.jpg,0,train
524615e19cd962db.jpg,0,train
3dd5618d4c73be3b.jpg,0,train
e8e3fc364a4292d9.jpg,0,val
086e888a43f48de3.jpg,0,train
5c23a0465a3ca141.jpg,0,train
45eee0c96dfece8c.jpg,0,test
01851c129481f439.jpg,0,train
4dbcf9807a55be4f.jpg,0,train
a48533aa7c70ff40.jpg,0,train
20e827233d8a57fd.jpg,0,val
e8491148d07f9e19.jpg,0,val
033ebafd13811b57.jpg,0,train
3f6c9684e85ed404.jpg,0,train
d46c4e8b29ced8ca.jpg,0,train
cedc99ba384fd674.jpg,0,train
5c72ad28dc95855c.jpg,0,train
29d5a775bb0ba6cf.jpg,0,train
5bf245ef291ea161.jpg,0,train
f1a7d83602bbe56a.jpg,0,train
02483d3e5841203d.jpg,0,train
6e596dd01efd8c15.jpg,0,val
897dff42d2412139.jpg,0,train
79c981721a4dd674.jpg,0,train
735ecf1ce8bdf305.jpg,0,train
1ea5cb13f387f0ca.jpg,0,train
346e8f7da61eadf6.jpg,0,train
79054306cc9a9893.jpg,0,train
12d9b7c297d01e24.jpg,0,test
85c4020c097446ae.jpg,0,train
01107a959333be1b.jpg,0,val
c463340081502876.jpg,0,train
f1dc062b112c1e00.jpg,0,test
14102ce61de94edf.jpg,0,train
11292f6e33e19ff2.jpg,0,test
e4faf4e4bdf43a78.jpg,0,val
6084544bb102cd1f.jpg,0,train
172090944afe5f84.jpg,0,test
d025dcb218064cac.jpg,0,train
89aed278877d5a40.jpg,0,train
ce6e2b94dd32d4eb.jpg,0,train
6eef838e0f85bd20.jpg,0,train
a020387ef1166f5e.jpg,0,train
bd3ea3c1bafd12dc.jpg,0,train
7ae0452777cd57a8.jpg,0,val
c610c79dff80faf8.jpg,0,train
0906f8bfb680e781.jpg,0,val
2ca3ec8fb4012d0b.jpg,0,train
2178c48704204bad.jpg,0,train
33c04b310a8a8341.jpg,0,test
d40b09707d212f8c.jpg,0,train
558613411ca33358.jpg,0,train
6d498893d059b9f4.jpg,0,test
abeba55b8b803248.jpg,0,train
9ad5f9dd9dfde46a.jpg,0,train
0eae9c2f268950e1.jpg,0,train
5e0fcf979a9cc620.jpg,0,train
5203488feb9e3a16.jpg,0,val
2c6e0fec1d563307.jpg,0,test
0013433ff308378b.jpg,0,train
0f9f937222e9d49d.jpg,0,train
c66388a6abae3504.jpg,0,val
c73d294edac46458.jpg,0,train
8a172e663b6d5b59.jpg,0,train
b3a215bf15d52ff5.jpg,0,train
ec8066311c9ba2ac.jpg,0,train
7f6b8aa986467666.jpg,0,train
ae1b40852f0ec363.jpg,0,train
96a53f27863a183e.jpg,0,train
ae154eeac757ce8e.jpg,0,train
9884a541ecb5e5eb.jpg,0,train
e93dbbf7a83e427f.jpg,0,train
1e396cff725e14f9.jpg,0,test
f45b189f98369865.jpg,0,train
98a86510650f14d9.jpg,0,train
7ddb37c639fc0b89.jpg,0,val
6ceea9e79cd22fae.jpg,0,val
02e136e88c0a87ce.jpg,0,train
8471f77fbdc7d8aa.jpg,0,train
50207fcb3521c510.jpg,0,val
2c62fcf534ac3eab.jpg,0,train
644d61c1d856ef2f.jpg,0,train
fbfc6aa4859411b5.jpg,0,train
560672a6a8ac5cb1.jpg,0,train
9262622f045aa733.jpg,0,train
3927e0a9490cf416.jpg,0,train
ef17ddb3d89d9427.jpg,0,train
b069690595f3b9b8.jpg,0,train
c97c2af046e63d65.jpg,0,train
886ac1dad887ccfe.jpg,0,test
60a327626f9c43ab.jpg,0,train
c4a5f3ce1d2681a7.jpg,0,train
209e30b376fcd218.jpg,0,train
bd3cc98aa32c459d.jpg,0,test
4ce8482cfe09a7da.jpg,0,test
b27f5726dde3d7d1.jpg,0,train
95d3e3bb672b0bd3.jpg,0,train
5a0e26c1b94e9979.jpg,0,test
0461644aa500a452.jpg,0,test
039978be32ae72a9.jpg,0,val
641ec459781576ea.jpg,0,val
78510ed4c1f2c211.jpg,0,val
351d59c3ce4583bc.jpg,0,test
c3b01e3005a59cc8.jpg,0,train
225300c9fdb883fa.jpg,0,train
73fbd18cbf45ae40.jpg,0,test
84715381f8863fdd.jpg,0,val
121866a872201f25.jpg,0,val
00338d0bcea965a8.jpg,0,val
4af4552bae75f243.jpg,0,train
bf2dff121a14e49e.jpg,0,train
26219fee713d1869.jpg,0,train
014293cbb61d2d5b.jpg,0,train
c18a0f264e11610c.jpg,0,val
c2848a942431bec9.jpg,0,train
39dbb2a36a19ec2f.jpg,0,test
74f58daf995d4337.jpg,0,train
9f7ffd8107a0a5e7.jpg,0,train
9e83ea17a680e1d8.jpg,0,train
028a6a706f6aee26.jpg,0,train
b0fed0063980e553.jpg,0,train
0e2c2e5aa7369505.jpg,0,test
87c15fd93ec39086.jpg,0,val
e426dadd2cbc0d20.jpg,0,train
22987a9dadf417ae.jpg,0,train
2a41aa3a6462be92.jpg,0,val
f0c56b271b785f4e.jpg,0,train
c4d7ea561b2e55dc.jpg,0,train
a80b12da05446329.jpg,0,test
db00a268e9ff717c.jpg,0,train
cdee64bb076e2325.jpg,0,val
8a711b86618a0239.jpg,0,val
34783ed303d74b5a.jpg,0,train
cb40ffd66dc2d20d.jpg,0,test
2d3f5efdf0e0a53d.jpg,0,train
27c6cbddeae3dc1d.jpg,0,train
fdf2e6d93e376054.jpg,0,test
bb7f8ce6ad7b022c.jpg,0,train
96f03f5d525cc16d.jpg,0,train
d5f5bd94a91d1569.jpg,0,train
cd345a185bf14deb.jpg,0,val
a6bd89e74b0cff33.jpg,0,test
00d87339b96fa9dc.jpg,0,train
449a13c462553ac2.jpg,0,val
4bb875df0c095e59.jpg,0,train
c6818c2496b88a7a.jpg,0,val
f8d4023a2f8aae35.jpg,0,train
4d2ec01045d6da33.jpg,0,train
9c9fa3d4c52c9ef2.jpg,0,test
d58669583e244f39.jpg,0,train
e0ffeb9431c1fffe.jpg,0,train
cc0f41397dd3d782.jpg,0,train
1782a6b250cfa250.jpg,0,train
df6b8c09aa613ed4.jpg,0,test
dda0f13c5a8dc91d.jpg,0,train
da1b71e9c0c241bb.jpg,0,train
9a5740defd43e8e4.jpg,0,train
58e79a35af62a79a.jpg,0,train
28b40233c7561b18.jpg,0,train
c6f1ba4e69c82fca.jpg,0,test
12c1ba19cd829ad8.jpg,0,train
442d46c5aabb0fee.jpg,0,train
20d6bf956d6fdae1.jpg,0,train
43cd7a87a81426ba.jpg,0,test
7bc9b9550c188c3e.jpg,0,train
74084f7710312e50.jpg,0,train
2387730f002148d8.jpg,0,train
478123a191edd64a.jpg,0,train
0e80a23fdaac1c4c.jpg,0,train
a1ac96f762d74c78.jpg,0,train
cfd4a3c784828f80.jpg,0,train
e76d5a554342351e.jpg,0,train
8b7a7bc6d6851f06.jpg,0,test
41e2f5f539b62cf5.jpg,0,val
29d24a40f567245f.jpg,0,train
79d0aa6823766292.jpg,0,train
2386bffa9c857bd1.jpg,0,train
fd9a4292e066251e.jpg,0,val
4ea15901ce74622c.jpg,0,val
bf5fde06f96f099b.jpg,0,train
05e086e2c8aaf5b7.jpg,0,train
25cdba91c6c3ca07.jpg,0,test
14441c3d5b670b57.jpg,0,train
8d251e00cf08cc55.jpg,0,train
396b73cc3cc42343.jpg,0,train
a1259d26162f35eb.jpg,0,train
b7267cf1edcaebb0.jpg,0,test
1e3112425c7c5612.jpg,0,train
3a71512df3fb9498.jpg,0,train
03af9b667448b78b.jpg,0,train
93b8584750d4080e.jpg,0,train
afd7c0a9d6c8d2b6.jpg,0,val
0ea4279e21fa9fb3.jpg,0,train
e21026a855f841ea.jpg,0,train
fb894579109e47cc.jpg,0,train
24404a89cab5ed52.jpg,0,train
9da81cb173dadc20.jpg,0,train
7e951dcfc3b7887a.jpg,0,train
fe0dfa6efdb3e889.jpg,0,train
019f660914b0791f.jpg,0,val
8307f35bc6fccaec.jpg,0,test
78174561f6555387.jpg,0,train
e9190c002c2a987a.jpg,0,train
0eae9c2f268950e1.jpg,0,test
30cdf68fae21806f.jpg,0,train
136c547b5fbbab11.jpg,0,train
0bb1db80a9a5b16b.jpg,0,test
f9f6c80b5f180de0.jpg,0,test
c602d4df6cf34c97.jpg,0,train
6b866d0437347538.jpg,0,train
9d6072d05e9f3767.jpg,0,val
75f65a4d6fb6669e.jpg,0,train
add0f8ba759c283c.jpg,0,val
2b61a14b877d314a.jpg,0,test
da01977b9be2faab.jpg,0,train
e890956390f22f6d.jpg,0,train
ed144a68c52216fa.jpg,0,val
cca765b2cf3f62af.jpg,0,train
5a003e08683846ad.jpg,0,val
965ab8953c2ec73d.jpg,0,train
51b333536c94a7e3.jpg,0,train
f79072c1e57bcafe.jpg,0,train
392c03242efb3d6e.jpg,0,train
477f0b1221ff1992.jpg,0,train
736617dadc344cba.jpg,0,test
9936cb6e6680ff8b.jpg,0,train
3bfce7200ec3a5a2.jpg,0,train
df35f8ea7e8c94cf.jpg,0,train
13dd3465ebc50021.jpg,0,train
06238a2dddddcd45.jpg,0,test
88c20cb92dbbc978.jpg,0,test
86c9dd5335bb5ec9.jpg,0,test
e6e00bee36ada069.jpg,0,train
f373bf16dbb0e1b9.jpg,0,train
df32313990fbdf99.jpg,0,train
5f3b07b214a73a69.jpg,0,train
f045ad9db16530df.jpg,0,train
a8dc7cdd9f35267c.jpg,0,train
5b3a313ada1b285f.jpg,0,train
377e725938ac7fba.jpg,0,test
10ba45af822de067.jpg,0,train
2ba237671647091d.jpg,0,val
e5df21add78f1eb9.jpg,0,train
48d06a97abb92640.jpg,0,train
0d75037eef67510f.jpg,0,val
f82129d0674e92d0.jpg,0,train
434608c6a3598b6a.jpg,0,train
436f0a538823fff0.jpg,0,train
112e531bf1b60261.jpg,0,train
a440694178e172b7.jpg,0,val
d073e8471bdffe0b.jpg,0,train
3df8a8ec89b21dcd.jpg,0,val
c1b02b077ccb2811.jpg,0,train
923812bb04bf85d4.jpg,0,train
3773581719090344.jpg,0,train
1b9f3dd206026563.jpg,0,train
275d208b89ae58c7.jpg,0,train
57c2d114bf936467.jpg,0,test
b6179a6ea43bfa4a.jpg,0,val
a2d44024f4169df8.jpg,0,train
d12264b250c1feda.jpg,0,test
68e003e26abdc396.jpg,0,test
e9a7f86b2ca0cd3d.jpg,0,train
c420e23def47919f.jpg,0,train
e98ed82a36761795.jpg,0,train
8516567fc2424134.jpg,0,train
b8420fb7f7a72a80.jpg,0,train
f81389331af28679.jpg,0,train
547e283db9d078bc.jpg,0,val
9cce2cb7966332ad.jpg,0,train
6d5c9669cdb4fdfc.jpg,0,val
8c47ab102f23486a.jpg,0,test
d2535259b382eb26.jpg,0,train
541f118a7d650b97.jpg,0,train
c0effde5a20aae8c.jpg,0,train
28dab15c845d1669.jpg,0,train
0d8b371c0579edef.jpg,0,train
bd28f014b0c5c26f.jpg,0,train
7fb0a16e36511e08.jpg,0,val
4e6d5ea51540dadf.jpg,0,train
cd3aeb007cecfddb.jpg,0,train
b4e4fc9fdd0c5a57.jpg,0,train
ac6ffbb267d39d07.jpg,0,train
d61cae51c42328d1.jpg,0,train
69925d6932ea559a.jpg,0,test
eb9e291d9bf8e811.jpg,0,train
2a7cc219c23c6d29.jpg,0,train
20d5732d13a9b176.jpg,0,train
3215727fbfb245ba.jpg,0,train
27f62f02f3435a80.jpg,0,train
993d4a052cadde59.jpg,0,train
5f3293ef80e9e14d.jpg,0,train
36e5f0dcd35e1568.jpg,0,test
b09fbd44a0b28bdb.jpg,0,train
5f86e7d4faa3f842.jpg,0,val
ef315cb06a985a43.jpg,0,train
9521e9e33b2a9316.jpg,0,val
d8d8c3248c9fad47.jpg,0,val
23131efd21bc3300.jpg,0,train
6d1b17635240d9dd.jpg,0,train
ac796d447498c431.jpg,0,train
9e6ac6081e2d8fe8.jpg,0,test
431eca568417f3f0.jpg,0,train
36999a354b394c1f.jpg,0,train
edfe3c95608470a0.jpg,0,train
01fa3fabae411ba7.jpg,0,train
14d8da423f7d10c1.jpg,0,train
932596b305152935.jpg,0,train
81ea57daffec09e1.jpg,0,train
390f3ca8138315aa.jpg,0,train
fc032c5f3bc4c1d4.jpg,0,train
1c1961278cd21326.jpg,0,train
37deaf7475f671c8.jpg,0,train
54e569e7b498c26c.jpg,0,train
4375230c7aa55dfb.jpg,0,val
ef358da7fbe30ae8.jpg,0,test
9843b5b897480b28.jpg,0,train
8612004f74ed4c52.jpg,0,train
b0ab44dbee8a0548.jpg,0,test
81c5e576f7d70019.jpg,0,train
58144f81d5a3c6ba.jpg,0,train
55cd4d67082c71c7.jpg,0,train
0cdec63766ab18ae.jpg,0,train
5cee51030d13656c.jpg,0,train
4db910fee9109542.jpg,0,train
93419fdef043b631.jpg,0,test
7d90107482e8318c.jpg,0,train
01b6608b7a2a5865.jpg,0,train
0ae66f3d602c4a79.jpg,0,train
af60ec57a3e9e9f4.jpg,0,train
e6cd38493695f67f.jpg,0,val
7f7d965ac1c2e5e2.jpg,0,test
4695732d787b9ba1.jpg,0,train
11dbea718adb91c9.jpg,0,test
621c7db1685e96a7.jpg,0,test
e39bc26ae06b9351.jpg,0,train
dd0daaf0c3dc62b7.jpg,0,train
b481f7b073d73e26.jpg,0,train
5fb63f030d1e2d89.jpg,0,train
f56cabfa1b03ed15.jpg,0,val
87422fa147c83ae9.jpg,0,val
1755924e88ae6d2d.jpg,0,test
6302a9e727ec2177.jpg,0,train
8a6081924fde39ff.jpg,0,test
9608cae6d6f5a830.jpg,0,test
bcf0aab6cb08dbca.jpg,0,train
1860194a7305bad3.jpg,0,train
787e30ad867b3ff8.jpg,0,val
d5301460e1c11bb8.jpg,0,train
49ffa301ccde61a9.jpg,0,train
5250d3af2487a743.jpg,0,train
05cf0a1715b47374.jpg,0,train
9cc9b71cf5f321a7.jpg,0,test
b44d6c32b7ca5ac3.jpg,0,train
0c9b074eb95e5687.jpg,0,train
8569175dc425f2e8.jpg,0,train
f99070991bc46a9d.jpg,0,train
3c5d4bbc21713235.jpg,0,train
39a4b2fef881e516.jpg,0,train
5c0522d9d5a53fa1.jpg,0,test
87e0bba3d936e1e7.jpg,0,train
a09e582d8a2b90ba.jpg,0,train
3f6ac23dbc720e92.jpg,0,train
214cf159345e0c8c.jpg,0,train
abe1ea0865f5eb9f.jpg,0,train
ec71e7bcf8fdb7ad.jpg,0,train
cd2515a743c62caf.jpg,0,train
13c6e004ce1d536a.jpg,0,train
180690d06422c38d.jpg,0,test
958d4e57342df619.jpg,0,val
cbbf0bf1592878b7.jpg,0,train
428465b37dec33fe.jpg,0,test
e21682b79ac89c11.jpg,0,val
51833c5f7b94e9a0.jpg,0,train
3c6b0d6e815c34d7.jpg,0,test
9028e508944cc871.jpg,0,val
ecaf135bc8eef426.jpg,0,val
be541102bd9ef5ae.jpg,0,train
39997648d7b4a22e.jpg,0,train
4a774cc87ff7ea89.jpg,0,train
0d1941af2c31b2fb.jpg,0,train
bab8a2d326369b5a.jpg,0,train
d9ee642feb395232.jpg,0,train
e428baa4b93587bb.jpg,0,test
653cccd3530e4bf4.jpg,0,train
a96af20f713b3816.jpg,0,val
cc5a61bcb5799731.jpg,0,train
7b2d613ac4f85ef4.jpg,0,train
84bff329538ab400.jpg,0,train
b616afeaacb98fae.jpg,0,train
3ce4ff23415b3150.jpg,0,val
b564253d577505e4.jpg,0,val
be341c008d3120b3.jpg,0,train
821eb167da2a3036.jpg,0,train
51b672cf81d090e6.jpg,0,train
20512510984aef00.jpg,0,train
e3881edb4d6df357.jpg,0,val
c3056aa20d62b8cc.jpg,0,train
e6532d4bcd84e532.jpg,0,train
91c84eb95cb53024.jpg,0,train
c1ab8fd06a7e359f.jpg,0,train
24e2d7823d23768d.jpg,0,train
df722c6f92f3116c.jpg,0,train
f81eacbd54905526.jpg,0,train
0206e2779fe5db59.jpg,0,train
32baa5b90b3f7a2c.jpg,0,val
ee86a6f093c4d123.jpg,0,train
e167f25cbcb08730.jpg,0,val
f55275a0ac04066b.jpg,0,train
3234bfacda32013d.jpg,0,test
57fc3e57b43c8670.jpg,0,train
0a797c08f24365e4.jpg,0,train
6cc8fc5798a7d20c.jpg,0,train
72b8946523bcf102.jpg,0,train
a6b62480209049c1.jpg,0,test
38a49555c4caf17d.jpg,0,train
c1d3e3490496bed9.jpg,0,val
0aaa499e7831d796.jpg,0,train
099c444c4ea8ec21.jpg,0,train
446d4fd5c63367e8.jpg,0,train
a75d39a25c082503.jpg,0,train
8d15344be0db1b47.jpg,0,train
ff83962fa56955bd.jpg,0,val
6fc0c823736f4eb1.jpg,0,train
b0142fce9b2deaba.jpg,0,train
1e34623bf7ac892b.jpg,0,train
3eecb3ad79cace0e.jpg,0,test
7fd486d6e88de12e.jpg,0,train
03a305fc3aa53091.jpg,0,train
38d50fc4331c2872.jpg,0,val
d386bdf62e25c502.jpg,0,train
16bb4d6c4e61b952.jpg,0,test
e6f0bf8e8d35b6b8.jpg,0,train
78362a27117a64de.jpg,0,train
4f38dc5c7613b8c9.jpg,0,train
7ca4ad92f33313f0.jpg,0,train
cc459b82392c1a31.jpg,0,train
c7e17169f7eef58f.jpg,0,train
b5893a6884fbbf69.jpg,0,train
a16ec0fc5e5fadc9.jpg,0,train
4c6e778e37d86e15.jpg,0,test
607faddfffda90e4.jpg,0,train
73e4170bca48ca51.jpg,0,train
efa41da5e063e85e.jpg,0,train
0b0cd9d098b695e8.jpg,0,test
13067bd43ee69efe.jpg,0,train
6fe37c9b9d926983.jpg,0,test
4ee8cf7176b2e805.jpg,0,train
83a2d64ec48c3631.jpg,0,test
916b43dfb1011be2.jpg,0,test
9029268d659d8fe5.jpg,0,val
cd1f422b512fe3ae.jpg,0,train
9a58c7d7018464a9.jpg,0,train
d62e3c890ec20227.jpg,0,train
27b80b6a95a167a7.jpg,0,train
40a132d13b6b9bbb.jpg,0,train
61a037a952cabeca.jpg,0,val
76cb6c034b9c543a.jpg,0,train
b114a78ded2fbba0.jpg,0,val
fbc8c9062001d2f3.jpg,0,test
2f8bf0889ec26c3e.jpg,0,train
9cc05b05259d5a7b.jpg,0,train
558e18f03dbfe609.jpg,0,train
53cd3e228e34a46b.jpg,0,train
17d4ae2cde57dc96.jpg,0,train
a1ed6de60a36a978.jpg,0,train
ccc118fbb5844c24.jpg,0,train
fb7d16733549616a.jpg,0,test
8da352f9699ed8e1.jpg,0,train
815f323facd902cf.jpg,0,train
34dff328d332c75d.jpg,0,train
adcac84813e846de.jpg,0,train
a7c76e47982c21fa.jpg,0,train
dd563293db3c899c.jpg,0,test
d27e6990f4e7baba.jpg,0,test
2e5745d9e3d6f036.jpg,0,train
9552617ea3a7b342.jpg,0,train
349704e721b21aeb.jpg,0,test
1413e4f0858d22f7.jpg,0,train
de6f40d4d995c216.jpg,0,train
50144cc3f9edbe41.jpg,0,train
734d4cf88af7cfa5.jpg,0,train
1fec945d48baa975.jpg,0,val
41e16bf6820d5793.jpg,0,train
3ce0ec0b98952db3.jpg,0,val
98c16f0d75349428.jpg,0,test
2f9f298df0bd649a.jpg,0,test
b3e16768d2845dae.jpg,0,test
b6c4f5b46845b026.jpg,0,test
cabd42c6849868c0.jpg,0,train
f6945f7763c7ffe4.jpg,0,test
5b0a81cab121d73e.jpg,0,train
5705aa34b2cc6396.jpg,0,train
7c65b887fee06aa7.jpg,0,val
a2cef2131a52e476.jpg,0,train
6f672e4d97d6e8e8.jpg,0,train
c88e73698fb8d008.jpg,0,train
46e5fbece0f59dd5.jpg,0,train
6e831ca125bde463.jpg,0,train
0bce9880aef3f590.jpg,0,train
870773a9b127c679.jpg,0,train
e42cc6076eb5db48.jpg,0,train
770ae820c4a04d3c.jpg,0,val
907da8a5ac111cb6.jpg,0,test
0f6cdabf54b1a71d.jpg,0,train
010d9fd13e60d9c0.jpg,0,train
6ddb03ef82b2058e.jpg,0,val
4af0f107c9e8ac54.jpg,0,test
c55329011492da07.jpg,0,train
38524c6a3acade48.jpg,0,train
e36e9f42d9902baa.jpg,0,train
251da2999bac75f7.jpg,0,test
e09d227e0fcffdb8.jpg,0,val
bf16c74425e6ea63.jpg,0,train
d7f5278b6d238f00.jpg,0,test
d7c0a82b23ad1849.jpg,0,val
7c2697c77e23f5cb.jpg,0,test
81c642247ea0dca1.jpg,0,train
5817b3b5e9e1a5b1.jpg,0,train
260fbd09afd536e1.jpg,0,train
e537073eec74349b.jpg,0,train
da06f6f01e7003b0.jpg,0,val
19ece9461ca5f47c.jpg,0,train
58ce2e97cbbbe9e3.jpg,0,val
d8312fa5e13a8f84.jpg,0,val
f7d75d0c0c3b73ac.jpg,0,train
afad8070a4a55fad.jpg,0,train
fbb0b07910a1781b.jpg,0,train
8e32af3a4758503f.jpg,0,test
507128cfc4dc753d.jpg,0,train
5b4feaafae310ca5.jpg,0,train
f0f9f10e6592ed0c.jpg,0,train
76d9588f96c0a063.jpg,0,train
7951facefb38331f.jpg,0,val
7710cc62e9ad1073.jpg,0,val
ddc36a1445a9b616.jpg,0,val
4b86112bb5458cc2.jpg,0,test
969a8e32049123ce.jpg,0,train
a35e53494a69dead.jpg,0,train
259587b7373e998a.jpg,0,test
56520bd133ee2308.jpg,0,train
522a5ee08dac1465.jpg,0,train
7d19f02ebbafb70f.jpg,0,train
585030db7de62466.jpg,0,train
d603d16b974a4d8d.jpg,0,train
3110908f2ee3608f.jpg,0,train
7947b669bc4173a5.jpg,0,train
484764e700d64c9c.jpg,0,train
391d2c0529e5c173.jpg,0,val
5de20937828ed559.jpg,0,train
b43f501b634fffcf.jpg,0,train
a77d8b5bf940092f.jpg,0,train
dfe890b472a38c59.jpg,0,train
d47f71d9afe0a9ea.jpg,0,val
05ed137e104cd7e1.jpg,0,train
0cfd08f8619e9b73.jpg,0,test
d51f094bf2864b57.jpg,0,test
80b0bd0f263159eb.jpg,0,train
5b46fbbf296b2d71.jpg,0,train
a955d67f169e4289.jpg,0,test
67cb713a62ff730c.jpg,0,train
60b98bde9f01a631.jpg,0,test
7e2d3c3a9e165c90.jpg,0,test
921a820f533f74bd.jpg,0,val
cdd47ec31e5254d4.jpg,0,train
82f0e6042cd48b07.jpg,0,val
39e5e7d7ebc637a0.jpg,0,train
2ccfa914251e6390.jpg,0,val
2209f3b3e1f30e78.jpg,0,train
1f6514c8e5ce5969.jpg,0,train
d24e5d1124c53086.jpg,0,val
9a72b211dc3105cf.jpg,0,train
9d38bf63cbc2c678.jpg,0,test
1ec3e2c60e94ca61.jpg,0,test
f4daad65d0c627c8.jpg,0,train
d5ffecfae181dd7f.jpg,0,train
8591a8b36d292a39.jpg,0,test
13174ced7a34ef0f.jpg,0,test
f704ac530de365d7.jpg,0,val
721d7feda8c09ada.jpg,0,train
9ea7d3f1b0478955.jpg,0,train
81d2dc8b4aacddda.jpg,0,train
d3b5e2032a161ee8.jpg,0,val
546679ace9e8dbfb.jpg,0,train
1aa393b976ffc8d3.jpg,0,val
7018a35dd2c2ea34.jpg,0,test
ad93acb3409e3847.jpg,0,train
ff013e2fdbb78241.jpg,0,train
768880924b952d72.jpg,0,train
8caf299351dce482.jpg,0,train
4b4701d04bbed7fd.jpg,0,test
5f72ce08f434b250.jpg,0,train
51dd9b2c6f8e00af.jpg,0,test
645e160e6d60aba0.jpg,0,val
f1619c25b174ef43.jpg,0,train
ff3f9af2a360a317.jpg,0,train
ed4f076c8f8e009e.jpg,0,val
c67843e441428e56.jpg,0,test
58f2c0e2f54df74d.jpg,0,train
844b86906e030128.jpg,0,test
358fba36a359684e.jpg,0,train
62fa39464adc3572.jpg,0,train
1256127eb0f4dcc9.jpg,0,train
6a74f54490e8dda8.jpg,0,train
4ef7cba835afc499.jpg,0,val
5dd3014c180346a3.jpg,0,test
0f9a6b684a792152.jpg,0,test
589e10c27344d6ed.jpg,0,val
cbdef82a3512859b.jpg,0,train
8ff1645023c5f2f2.jpg,0,val
f96624775a68f762.jpg,0,test
8b2b369339609b08.jpg,0,test
5546a871de383ced.jpg,0,train
c6e8fbba09b03352.jpg,0,train
50817d28fe2ff772.jpg,0,train
b3d35156969f7fb6.jpg,0,train
de59f8a32d91c338.jpg,0,train
a5ae9be8903fafd3.jpg,0,train
1e5be679105ebeb5.jpg,0,train
4b02a11ca4ab880c.jpg,0,train
552410318169c1c2.jpg,0,train
c4ae710969a9b891.jpg,0,train
88029992d6a92bab.jpg,0,train
e9f15aebf6c03ed3.jpg,0,train
7ad39259f06827cf.jpg,0,train
041a645d4c98aea6.jpg,0,train
b72b102755648c98.jpg,0,train
dd1bfb1fdc55c74d.jpg,0,train
9ffa5e06b8a9b81a.jpg,0,train
ddbfc6ff9f450ef7.jpg,0,train
e5026009629bec34.jpg,0,train
1d40aba5f3f62881.jpg,0,train
f764e4d796b2ba46.jpg,0,train
0c01ba4d1a5e4d59.jpg,0,train
3d9701080e169efd.jpg,0,train
e9ed3ce2c480a12a.jpg,0,train
86720364b6d21bb4.jpg,0,train
ec13e241816d8401.jpg,0,train
318c0557e868c3bc.jpg,0,train
149d73cc646d6d31.jpg,0,train
ba45e335dd8f83a6.jpg,0,train
2d4892be09821afd.jpg,0,train
a6210c56966a1027.jpg,0,train
0f08cca71dce70a8.jpg,0,train
7d0f0d7d38fdec48.jpg,0,train
fb5664fd6d025b6d.jpg,0,train
4f9306d2518b1b00.jpg,0,train
00dbbea89453937c.jpg,0,test
5d47d607dffe8eaf.jpg,0,train
231d30def8bdeacb.jpg,0,val
f21d1dcde9159919.jpg,0,train
1e7f0ad768198d65.jpg,0,val
3d4f412929b94703.jpg,0,train
c5f184faf7ba1f4d.jpg,0,train
d66eab9ba15ce423.jpg,0,test
cd5e8207b97302bc.jpg,0,train
953e12052ca5726a.jpg,0,test
19a673968dc132d0.jpg,0,train
d066de3fceca817a.jpg,0,test
3bbec5b715ee66f5.jpg,0,train
427f4dc551d1c8f4.jpg,0,train
1bcae25ec23b7cc2.jpg,0,test
45f31b02e68f0cdf.jpg,0,test
004aaefb82671599.jpg,0,train
f14656ad6353518f.jpg,0,train
0945775e2fc9582d.jpg,0,test
7fa44a6240a2c1ce.jpg,0,train
40491cb29d29a23b.jpg,0,test
377e725938ac7fba.jpg,0,train
97202c58197d977f.jpg,0,train
2596cabf77fa6dc7.jpg,0,train
312ff26fc91895c3.jpg,0,val
4214d6c027264683.jpg,0,val
59c8841efe9064a2.jpg,0,train
814047699fa2fc6f.jpg,0,test
b76423f1c8d8d8a0.jpg,0,test
fa79a1a55ea87446.jpg,0,train
a3137d9127d04bda.jpg,0,train
f1fabcd74c7f0a50.jpg,0,train
b97e731e40b17356.jpg,0,test
8a45940d7be6ff84.jpg,0,train
c101e245a6c68f4d.jpg,0,train
fd399bebff71a33f.jpg,0,train
f4621a5d2543151b.jpg,0,train
6a41adaf67d33679.jpg,0,val
558885cf7ff019a4.jpg,0,train
9d63c6e32840b37b.jpg,0,train
e58cce50ceb8d0d0.jpg,0,train
7045ec361f63939f.jpg,0,train
4f4ef1dd6174bba9.jpg,0,val
77d64a181912a96d.jpg,0,val
dae24141bf9c574c.jpg,0,train
8330e69e95e7d434.jpg,0,train
7dcee7b6e3067eb7.jpg,0,train
49d24458acbf3465.jpg,0,train
6f1299def81b1d15.jpg,0,val
33eeeed0d7d9f659.jpg,0,train
f40d19ff60deeefc.jpg,0,train
ed90dadc36a7bcd0.jpg,0,train
5f1351302e0bbdf4.jpg,0,train
21519fc6354840c7.jpg,0,train
8ebaa788c950df4f.jpg,0,train
e12b8e131d081eb3.jpg,0,val
a7aa5042da82969b.jpg,0,train
a53c606d24623949.jpg,0,train
2521c7f6a9e17465.jpg,0,val
5cb8c00a269675f0.jpg,0,train
66e0247818247660.jpg,0,train
ba5a764f1937c270.jpg,0,train
3ade81faf6b548c3.jpg,0,test
3d1e24a5f7eb1545.jpg,0,train
86f0f048ade3c0af.jpg,0,train
fc43b4d83d9bf47c.jpg,0,train
8bb9c8b8904d6020.jpg,0,train
bb5f8dc480821adc.jpg,0,train
58ab1b4da96f20c5.jpg,0,test
1ba5e6c7589abeca.jpg,0,train
41a03ad1b9f59bb9.jpg,0,train
b722d295f4e5819f.jpg,0,train
91757325bab09067.jpg,0,train
ac466cc5287781cd.jpg,0,train
fd99882084912030.jpg,0,train
50735b0c07f7b2a0.jpg,0,train
731d2ce5f0f6275c.jpg,0,test
1602ffb523283f3a.jpg,0,train
8f06b7b2eea364ce.jpg,0,train
d8786fd19bc378b7.jpg,0,val
10c9161ae4725457.jpg,0,train
eeae86e20e8f30b6.jpg,0,train
b56ac1dbcf776c69.jpg,0,train
8937d34fceda588c.jpg,0,val
d2176a0e0cd3abbf.jpg,0,train
7a1a6cc02c0d1c01.jpg,0,val
148e86159b875699.jpg,0,test
d08f973deb80d1df.jpg,0,train
3c6af77ab082ebcf.jpg,0,train
a42e5b9ae0b50c3d.jpg,0,test
2f49a0818122f893.jpg,0,val
366c076b51413a71.jpg,0,test
4d6fc6d98e052083.jpg,0,train
7ecc5f1da1bfc8e4.jpg,0,train
dbdeb7bf18ad8cda.jpg,0,train
19bd804420cd50ed.jpg,0,train
99fb6f4b0137fb8d.jpg,0,train
9b8b15c165bc15ea.jpg,0,train
f7a17f7d6779c04c.jpg,0,test
417b4defadb36aa7.jpg,0,train
4a9295fe69fffd02.jpg,0,val
2151301e5dc9478e.jpg,0,test
0c6b2f03b60b0e89.jpg,0,train
30f33361d8e0faae.jpg,0,train
7983fdfa98374046.jpg,0,train
91109ad80ec56d2f.jpg,0,train
283e557b8965e708.jpg,0,val
8185444f63753490.jpg,0,train
75a71e48698c9e0d.jpg,0,train
3c7090a0fe2c4bbe.jpg,0,val
c4cd7b3b43872947.jpg,0,val
706bf1fd268a2dcf.jpg,0,test
95d630c6ee9e5162.jpg,0,train
fe8de24b6399a238.jpg,0,train
c39774f608606d5e.jpg,0,train
e70d50bf1f45855c.jpg,0,test
d477cb2f61987c0e.jpg,0,train
d090bb911a61cb58.jpg,0,test
482c1a2aaedbca77.jpg,0,train
77aed0e8145684dd.jpg,0,train
d76117948820872b.jpg,0,val
c2bcafaebfdd4494.jpg,0,val
6a634382bc59f5ed.jpg,0,train
16c30415dc290bd9.jpg,0,train
7224fed6f0175541.jpg,0,train
28ecf8c5d8fbf822.jpg,0,train
449b9c4f182dbbc5.jpg,0,test
5c8e08dd2adeb8e6.jpg,0,train
f2a43d3983183ee5.jpg,0,train
dfa7ec769b476b4f.jpg,0,train
d2a8b65080400353.jpg,0,train
af65c892a255c83a.jpg,0,train
6ac11d87fc90f220.jpg,0,train
c9a52088e987d19f.jpg,0,test
eb75b8d9044e9951.jpg,0,train
ed9f42aed620db26.jpg,0,test
f0172c09f577ed35.jpg,0,train
9d2702dc59b9df76.jpg,0,train
77f34010bdcd9b06.jpg,0,train
71e35a1a751d0b5c.jpg,0,train
e05ec8f6388338f7.jpg,0,train
3c05044056049dcc.jpg,0,test
2d798beb3fd67d69.jpg,0,test
21f436134ade910a.jpg,0,train
811110bdf6c48983.jpg,0,train
f5d87607c200a345.jpg,0,train
a19cb671e4387089.jpg,0,train
c047bc1d726fe9e0.jpg,0,train
c644bba4995a4d17.jpg,0,train
2af608fce211ba03.jpg,0,train
a817915db581f83f.jpg,0,train
020bcf07ae17bf99.jpg,0,train
a0c9c58aff893a5e.jpg,0,train
9b068e2663a23b82.jpg,0,test
6362df3ca774fba3.jpg,0,test
274db5e21a928d7d.jpg,0,train
e12790fe7f207f9c.jpg,0,train
19b062b97f30be64.jpg,0,train
938871c930001bc1.jpg,0,val
157d038008490524.jpg,0,train
21add0ea15d4c7d9.jpg,0,val
4b50c6d5fe6c8f37.jpg,0,val
b1c847ac8c1dfec3.jpg,0,train
8b12c9c42835f080.jpg,0,test
0c62aef45be28cc0.jpg,0,train
c47d4143cb71cf42.jpg,0,train
4639f396a5bfeb39.jpg,0,train
447907dfa7d6486e.jpg,0,train
7dd38c6949f41bc1.jpg,0,train
5b13cbbdf1dcfa98.jpg,0,train
c029559bb8b77f20.jpg,0,train
33d090524dd28c50.jpg,0,train
7e6dfde098295564.jpg,0,train
a8688462a0199319.jpg,0,train
96ec07cd3e04a25b.jpg,0,val
70b5fdc3d518244a.jpg,0,train
3e54f0eb48cda487.jpg,0,train
dbc3fd1f4d959cd8.jpg,0,train
5c729e82fd16242f.jpg,0,val
d23e616304eb29e2.jpg,0,train
9bef892d51a03698.jpg,0,train
dc0de835b76e9278.jpg,0,val
d7aff4f4d1aea9d3.jpg,0,train
48f19d6e499568ac.jpg,0,val
a063bb1bae21f5de.jpg,0,train
ba8f7d7759bb2eec.jpg,0,train
f5970fc95e02241d.jpg,0,train
5bc6222f0cdcef51.jpg,0,test
32749250781f5ef0.jpg,0,test
70c1a65789095743.jpg,0,train
711f970d7f2c9c65.jpg,0,train
d249e9f0319a03f6.jpg,0,train
b997125a31d74525.jpg,0,train
f4f95fa3563ed7df.jpg,0,train
a422cf8976b638b6.jpg,0,train
07ad9af54997c870.jpg,0,train
d7181cf9286880d5.jpg,0,train
6d017921572d8204.jpg,0,train
6921905988431a78.jpg,0,val
b3282688cc64b43a.jpg,0,val
633d6cd86d97f008.jpg,0,train
41a8dce78bbd540d.jpg,0,train
b3e661dab00cc05a.jpg,0,val
adbbb25970a4606d.jpg,0,val
4f349bb607802452.jpg,0,train
a90320fcaa385b08.jpg,0,test
7476556bcf377c4a.jpg,0,train
ce48f96a43c66967.jpg,0,train
43848791ad63c5fc.jpg,0,train
606e15b703297216.jpg,0,train
4ebb320a64b4b3a1.jpg,0,train
2cc861f7f9696f45.jpg,0,train
dd7e611ce1d50ef6.jpg,0,val
f17b3e85ca3e4252.jpg,0,val
6afd672da503a2ff.jpg,0,train
43cdadcedf6e04d9.jpg,0,train
22ca9f814bbb6d92.jpg,0,train
a0a4f4408c7d848e.jpg,0,train
e854a3c1a19edbba.jpg,0,train
e24dc0ceb429131f.jpg,0,train
0766a0bede0aa898.jpg,0,train
1a82fddcdb1e04d7.jpg,0,train
946f53adee0ecba6.jpg,0,train
bb84bafe740e4cd9.jpg,0,train
4d5342aa6990b7ae.jpg,0,train
ea6af37457aed07b.jpg,0,train
f828bf102b673b5d.jpg,0,val
d1c4a51d6968dc07.jpg,0,train
29f274930277c996.jpg,0,val
60b19573ff0e7326.jpg,0,train
22eceb1a740a284d.jpg,0,train
76b78b5547ed6522.jpg,0,test
8c0a2eae9e3d8bc4.jpg,0,train
4fc1ddc4378b6b51.jpg,0,val
1a60e20684b72ebb.jpg,0,train
999d01e669fa41c3.jpg,1,train
01b08cc17032d59c.jpg,1,train
e92072caff71fe09.jpg,1,test
a54dde821659a487.jpg,1,train
d089b11bddf51e03.jpg,1,train
92a6a5553ae1ec48.jpg,1,train
a7dbca826b13eff9.jpg,1,test
a1867f186d4d2a5b.jpg,1,train
576c1e24e891d314.jpg,1,test
855d5ed5eb2ff025.jpg,1,train
510f4f4dc89aa585.jpg,1,train
81d6343fe275b0b2.jpg,1,test
278676375f741e98.jpg,1,train
b8bb6203fad2e51f.jpg,1,test
89db20510069cda3.jpg,1,train
3b2fcd63d49fa640.jpg,1,train
02dce636df27c47f.jpg,1,train
87fc06c2c5a30f2c.jpg,1,train
c0bb5441badd8993.jpg,1,train
914a168e15edfef5.jpg,1,train
d8c3f0202e48ac48.jpg,1,train
e5a52fa6b5129a18.jpg,1,test
48f3a4a9122a9fbc.jpg,1,train
f04b958878496d01.jpg,1,train
69e56d030b12d1d7.jpg,1,test
8454e4025886af78.jpg,1,train
23c9970088cd10b5.jpg,1,train
c9c93e23a0aca8be.jpg,1,val
a5e82d3d73515e28.jpg,1,train
6fad5f39d32ffbfc.jpg,1,train
36a4702e18c9cac1.jpg,1,train
54a301ceb9d8c7a0.jpg,1,train
b4b7de7c3148ccf5.jpg,1,train
5cbf9d4348a4c020.jpg,1,train
7268147d1409b029.jpg,1,train
86f6cf1848a402ca.jpg,1,train
db13964745839266.jpg,1,test
90c45cc8747d3e6a.jpg,1,train
90c45cc8747d3e6a.jpg,1,train
4f994e69c7f21f34.jpg,1,val
efad56e701cd5acc.jpg,1,test
0fab3b198c8c2c5f.jpg,1,train
3ea74a9c85a543f2.jpg,1,train
541aed5f3dbbfba4.jpg,1,train
1b23f564c83c71ca.jpg,1,train
89aad6b667372df9.jpg,1,train
d5f23aafad0285a9.jpg,1,train
12fb3d7e51ee15a7.jpg,1,val
3dc1dd2c4ac972e5.jpg,1,train
f2f65759b55c9f43.jpg,1,train
7467a8120a0327c5.jpg,1,train
85a4339b9dfcd099.jpg,1,train
7eac4c3ce93ed875.jpg,1,train
d7d6abedbef088f2.jpg,1,train
11726a41c1c9d537.jpg,1,test
394a85c8615be99b.jpg,1,train
df0e3a861a351118.jpg,1,train
449b9c4f182dbbc5.jpg,1,val
6927010bcd147c9c.jpg,1,test
0ee37e84eeb00505.jpg,1,train
3be952ac34c9546e.jpg,1,train
fa4680df6a96157f.jpg,1,val
4ae6455df98a346a.jpg,1,train
d286b7113562d141.jpg,1,train
dc2d1dd1429c5d66.jpg,1,train
2c99378de665ba3a.jpg,1,val
5c7496a7ed072a5b.jpg,1,train
d3f6be3d410f4f60.jpg,1,train
99e61fcd28c4aafc.jpg,1,train
a7dbca826b13eff9.jpg,1,val
92063326323d4361.jpg,1,train
40a132d13b6b9bbb.jpg,1,val
097711f8cd3a1b16.jpg,1,test
a5e82d3d73515e28.jpg,1,train
23155773580b0852.jpg,1,train
7e8a58ced3e55ef2.jpg,1,train
9faa78f1270741f0.jpg,1,train
0b4e9540dbd8e2ce.jpg,1,train
cd9aa2ac1b190acf.jpg,1,train
99236dba86b861a4.jpg,1,val
2cd3b48e4aad3a92.jpg,1,train
e85d298c22e967c6.jpg,1,test
7d22d9b1be28fd1a.jpg,1,train
f6c1c684b7d2aabc.jpg,1,test
33baddeaecb37200.jpg,1,train
0f71f67b43e53f6a.jpg,1,train
40d64f3d505c342c.jpg,1,test
324f326dae55140d.jpg,1,train
b18449273a5169c4.jpg,1,train
0cfb033735d1d8de.jpg,1,train
c7f7404e9758cf25.jpg,1,val
8c47f1839b7a8583.jpg,1,val
8921940d257d3433.jpg,1,train
d0869b4110e01885.jpg,1,train
124ddecc12353f2a.jpg,1,train
76422c1fbb2544eb.jpg,1,train
61177c39d50719a5.jpg,1,train
4ce19996d875e083.jpg,1,train
ce0332df1ccc6194.jpg,1,val
0b7f7b6f79c269bd.jpg,1,train
6eb1847ef23eb7a1.jpg,1,train
c97a9b219fe6c346.jpg,1,train
357847edeb201af7.jpg,1,train
66500164f27d66ff.jpg,1,val
416ca0e462a2874a.jpg,1,train
916bd7ad9654fbac.jpg,1,test
2fdc713a68ab1194.jpg,1,train
aa7e68cd3d7c7696.jpg,1,train
c1d7a62654167aea.jpg,1,val
dbd0d181b878380b.jpg,1,train
15da070aaa377a71.jpg,1,test
ee330c320695dc6e.jpg,1,train
01319b1f493791b8.jpg,1,train
6037d36c61d5c509.jpg,1,val
61392ff779887db4.jpg,1,train
ddd47a521bf405ed.jpg,1,train
917ed653c227e11d.jpg,1,train
17f1d27933192fb0.jpg,1,train
eb6fbf8ff6d2ea92.jpg,1,test
9b1c88d08ebd8e40.jpg,1,train
5278473f157fdca9.jpg,1,train
f19e02dab288b5ce.jpg,1,test
9b17bf30acde3ef7.jpg,1,test
dd7891bc8bed8824.jpg,1,train
421411371c5cf455.jpg,1,train
e82f5191cce74cf6.jpg,1,train
9cf7330041b8b96e.jpg,1,test
17d9935deeaf7a60.jpg,1,train
37610b3508c7a3c7.jpg,1,val
3f748b45fb905303.jpg,1,train
c955f2b52b5a4242.jpg,1,train
f15bf887d7addfe0.jpg,1,train
3034b8940907ddac.jpg,1,train
36e438ca50218bde.jpg,1,train
08a7f824ebc2bb65.jpg,1,val
c103f6f3caa91729.jpg,1,train
fce6d07b506b4a8a.jpg,1,train
0a00098edaac3771.jpg,1,train
6c3bea3cddf6d4af.jpg,1,train
975e9d83fb99f445.jpg,1,train
0c950fdf53f95caf.jpg,1,train
834aa68c161a6f91.jpg,1,train
3daac5d40a2a6949.jpg,1,test
2cd3b48e4aad3a92.jpg,1,train
1fdbcb93237732ba.jpg,1,train
479ea75114fffa69.jpg,1,train
8bcec19d6af9f2b8.jpg,1,test
eb97142971e139d4.jpg,1,train
2089d3294ea472a9.jpg,1,val
66614a833fad0409.jpg,1,test
d15bd4fae2b37fa9.jpg,1,val
9405bb53fefb18f7.jpg,1,train
a0231d1c4bfa0e3b.jpg,1,train
dc3f81d836000b26.jpg,1,val
58a1500a00ea594c.jpg,1,train
f4345d1d6b6e0f73.jpg,1,val
eacfb88fa3c89ad8.jpg,1,train
60962db95abaf82a.jpg,1,val
09d1dbe3b3fca857.jpg,1,train
576c1e24e891d314.jpg,1,train
0b482414136873a9.jpg,1,train
c4d5e0e9f2e3406a.jpg,1,train
2b69d1db960ab0be.jpg,1,train
7dce3110d169f50c.jpg,1,train
dcc7635fdf64d427.jpg,1,train
90e839d874ddeeff.jpg,1,train
748bee68924c53cc.jpg,1,train
9ea71e5a6200d831.jpg,1,train
4eb25ce54e813b2f.jpg,1,train
099dfa692b437cd4.jpg,1,train
0b482414136873a9.jpg,1,train
73f147cdf839c109.jpg,1,train
13f607ba1c022ea1.jpg,1,test
948527669be4db43.jpg,1,train
998dff3554ce6f4a.jpg,1,train
2a0522749c4847a9.jpg,1,train
672a5b224802f549.jpg,1,train
f60580eb30f62cc9.jpg,1,test
df39303f20f2a00b.jpg,1,train
1b974babfd0b1fc1.jpg,1,train
98a796863dcece41.jpg,1,train
b5c2ead3beb7ef30.jpg,1,val
186b324d4b4d31f9.jpg,1,test
20f1aa8096f417b8.jpg,1,train
edd90b1b1ed71cd0.jpg,1,val
0ad60d73fda248e9.jpg,1,train
0a9aed1fec1e117f.jpg,1,train
76422c1fbb2544eb.jpg,1,test
0e2f1c0bf1b18a74.jpg,1,train
df39303f20f2a00b.jpg,1,train
61dad0f8b8b4e09e.jpg,1,train
3f354e9d2bb11863.jpg,1,train
1608eaac1a94094c.jpg,1,val
7d22d9b1be28fd1a.jpg,1,train
70a5bfe8a2d1ac98.jpg,1,train
00232e7d4acb2391.jpg,1,train
640831c31c19e832.jpg,1,train
fa51714329adf569.jpg,1,train
e9b0eb9065eac53f.jpg,1,val
9e9959438f7f6938.jpg,1,val
8b0f57ebba3cfde1.jpg,1,train
312172bc190e9f52.jpg,1,train
9cf969cef6f5e877.jpg,1,train
be503ca2bcc34fb3.jpg,1,test
15b72c1b191c63e7.jpg,1,train
63fc338978cf9673.jpg,1,train
47196b3f40f94d64.jpg,1,train
8fb7eea12381c908.jpg,1,test
31501c30769ddc05.jpg,1,train
6f048c1e49fba785.jpg,1,val
65ccd2e88e0ec3b3.jpg,1,test
ff4f08a61f9a3192.jpg,1,train
b2a3ac9164f9f9cb.jpg,1,train
40125820b7248eb0.jpg,1,train
8d651369ac7f5f91.jpg,1,train
fc1131538a8c5a31.jpg,1,train
f9b9724d974a0c79.jpg,1,train
f11c660540559d23.jpg,1,val
43877fb3de09ff38.jpg,1,train
9208678e0283021a.jpg,1,val
51eca050d390845b.jpg,1,test
e3ffd8c58f6e8511.jpg,1,val
e2cf7f7cadf9cd64.jpg,1,test
11370fddb8a32d66.jpg,1,train
ba251c17a066b78f.jpg,1,train
d8c3f0202e48ac48.jpg,1,train
e44384e5c85d8c7d.jpg,1,train
dbd0d181b878380b.jpg,1,train
4f76e4a548643f37.jpg,1,train
2b751fa00e607a44.jpg,1,train
4df8aa4c7a08b5dd.jpg,1,train
b85178e0d2e956c3.jpg,1,train
30bdc2a431faf134.jpg,1,train
e638827980a74908.jpg,1,train
79b4c1c605fb0a14.jpg,1,train
834b63980357056b.jpg,1,train
7b57ee8d2dc6d17f.jpg,1,train
4bbb57450d6705f9.jpg,1,test
57e7ed453d6dbcf2.jpg,1,train
179e0c2d2fdfedcc.jpg,1,train
f2656b969fef7358.jpg,1,train
905b8baf9f84f6cc.jpg,1,train
4e71b6166abec14e.jpg,1,test
3964b4a17e0cde23.jpg,1,val
7168f31b812c8de1.jpg,1,train
46ec14d908eb1bdb.jpg,1,train
7d0cc9fc2c4bcd7d.jpg,1,train
12fb3d7e51ee15a7.jpg,1,train
1c16e1215f37645d.jpg,1,val
69fa47b731467d01.jpg,1,train
5745bd0af0d46a8d.jpg,1,test
03ce26844ca3d0dd.jpg,1,train
61dad0f8b8b4e09e.jpg,1,train
befe883f9248a907.jpg,1,train
d02e737f640268c0.jpg,1,val
22ca989970353765.jpg,1,val
0cc3cd768846fa80.jpg,1,train
876cbb1786ef0f86.jpg,1,train
2002e92b5cbec2b9.jpg,1,val
34fd4498bd9887bc.jpg,1,train
05d02976f27af346.jpg,1,val
9977fc332375f952.jpg,1,test
2d8bd36ae160ca7b.jpg,1,train
df99681a1fa1f0c0.jpg,1,test
6b76c8ba60453fcd.jpg,1,train
b14ad364dc1a6507.jpg,1,train
e160aa22c596eaf7.jpg,1,train
ac2424d13b80b494.jpg,1,val
fdc32bea3f9897eb.jpg,1,train
c861f906345ed1b8.jpg,1,train
dc545ac415a0eb7e.jpg,1,train
9913f660342b458c.jpg,1,val
7f08d16cce89ff84.jpg,1,train
ef15dc8d2fe8502f.jpg,1,train
12fb3d7e51ee15a7.jpg,1,train
5c2d4ad6f9286d2a.jpg,1,train
e3108ba24067048c.jpg,1,train
0c2c208959a683c3.jpg,1,train
4be8ef7bcbaf699a.jpg,1,train
51a65c2a8a8ae813.jpg,1,train
63423ffbf24aeaf6.jpg,1,train
462c46600312838c.jpg,1,train
1f38edb93624bba6.jpg,1,train
65444d0def90ae2f.jpg,1,train
aac4e38262c866c5.jpg,1,train
19fdd8dafd6a02c3.jpg,1,train
61dad0f8b8b4e09e.jpg,1,val
f0ebe4218a02af4d.jpg,1,test
f5db251b9d38ea10.jpg,1,val
86ad64be5726e54e.jpg,1,train
622db8709cc308c2.jpg,1,val
abfb063e5d0df56e.jpg,1,train
b27fad6c2dbd5fb0.jpg,1,train
1e6e9362e529566d.jpg,1,train
0ee4f98506d2dee0.jpg,1,train
93b5c3955fa2825d.jpg,1,train
8c700e0b432533f7.jpg,1,test
5dc46e3bdd0d73fd.jpg,1,train
c07464cc3fdec2bf.jpg,1,train
1250710183d7f97f.jpg,1,test
7c84c6ca2d507604.jpg,1,test
d2970ac85746a644.jpg,1,train
01b08cc17032d59c.jpg,1,train
5374cf1977d6041f.jpg,1,val
2ea1b9edb840ad50.jpg,1,test
61dad0f8b8b4e09e.jpg,1,train
c22b0e457bcd9e30.jpg,1,test
d71de9664fd69d89.jpg,1,train
c53a17d99a129baf.jpg,1,test
779a6c6f4fe5d33e.jpg,1,train
7dce3110d169f50c.jpg,1,val
0edab02105829e92.jpg,1,test
8a35849319a821a3.jpg,1,train
2360b4844ab01a98.jpg,1,test
807a7a633a7b97d5.jpg,1,val
d8c31505c1f4fc82.jpg,1,train
e5fc62216405a63f.jpg,1,test
053729150c74e8b5.jpg,1,test
49a776c41aa71099.jpg,1,val
9208678e0283021a.jpg,1,train
97a49d8fcaa5b0e6.jpg,1,train
10bf601eff6a1fa3.jpg,1,val
36a4702e18c9cac1.jpg,1,train
6e4c84b008ffc905.jpg,1,val
9a8bdae2dd5d05f9.jpg,1,train
ed5db37bc01f937a.jpg,1,val
20bc4c3a0189f119.jpg,1,val
099dfa692b437cd4.jpg,1,test
5b24efd394725f0f.jpg,1,train
e2255fd3ccf04fb0.jpg,1,train
f36b2304fc98ce40.jpg,1,train
135d916d4350615c.jpg,1,train
598d7689728d609c.jpg,1,train
952c71d565bd9612.jpg,1,train
d5301e2eac5eb8b8.jpg,1,train
bbff544e0951118d.jpg,1,train
0f094504846d4dd9.jpg,1,val
2f01cdd604a93d37.jpg,1,test
7c3a9ea1f23fcff6.jpg,1,train
b9e535da41282b58.jpg,1,train
0b7eff60a39aacab.jpg,1,train
fb193b4056ed37a1.jpg,1,train
7df37b11976173c6.jpg,1,train
856f9ff489af2ce7.jpg,1,val
cc34c5523c349238.jpg,1,val
18b7921112712901.jpg,1,train
56055ef3ea468f3a.jpg,1,train
8fb6af5b0d5c4409.jpg,1,test
d47d8d08b21398d8.jpg,1,train
81bac86c4ead63a7.jpg,1,train
97e5c5536afd67cf.jpg,1,train
e1226e1bd0edf31d.jpg,1,test
dcca3d8dc2b0c092.jpg,1,test
2713820565aedec6.jpg,1,train
c36a9cebd646cdcf.jpg,1,train
65c819542b13f328.jpg,1,train
5591fea3c43f9507.jpg,1,train
46f0e663e33f445c.jpg,1,val
7127c1582f3a376e.jpg,1,test
e6c60667cac970d4.jpg,1,test
92a84baef65203d3.jpg,1,train
1baf771cdcf42676.jpg,1,train
f5c1fc228fdd27ba.jpg,1,train
7e6ea26e8e3a015b.jpg,1,train
058e35fca78f16bf.jpg,1,train
41d90483e29d7dcf.jpg,1,train
3b1e2d83be71ccfc.jpg,1,train
347bea416f9e2a7f.jpg,1,val
9e9959438f7f6938.jpg,1,train
35d984283fd139a4.jpg,1,val
ded6e8f00afd3f99.jpg,2,train
a1a7f7af139e8a4b.jpg,2,train
94d07a298d3106a1.jpg,2,train
ce4a561491bbf671.jpg,2,train
5ec2282f31bcdab1.jpg,2,val
9d6b368d30f4274d.jpg,2,train
e747f9792724fdf4.jpg,2,train
fa72d388584b69db.jpg,2,train
69aa7c05ffce727c.jpg,2,train
b48cab19c2345fa2.jpg,2,val
4472ce65ee2bab5c.jpg,2,train
18a204d6500fdf21.jpg,2,test
9c7bbd5b94d49c36.jpg,2,train
cc28efae317c654c.jpg,2,val
56d0d88bf0e83ea1.jpg,2,train
da2b57281216dc01.jpg,2,train
3b416d9a089fe920.jpg,2,train
338a3d1e093abf4c.jpg,2,val
fe12f298e2e84be6.jpg,2,train
118c791ceebccc8e.jpg,2,train
aaa7d35571a811be.jpg,2,train
12883388c94f5fbd.jpg,2,train
3b5751555081354a.jpg,2,train
3232ef6605e78b34.jpg,2,train
e03a69b848dab63f.jpg,2,train
552855500b6f400b.jpg,2,train
bb1e7f66cd494afa.jpg,2,train
c5ce2c1d77661dc6.jpg,2,train
02394f29b704170f.jpg,2,train
08542f06b2d37ce3.jpg,2,train
129cc35e3aac7098.jpg,2,train
2f9b5faf051b7f6d.jpg,2,train
2f5913d6fe1970f4.jpg,2,train
ea83cdcd10fbad74.jpg,2,train
e18e7e7863845016.jpg,2,train
89c6c11db062e87a.jpg,2,test
b283fceb787fc2a3.jpg,2,train
67a3d863d3e3b41e.jpg,2,train
9633d490bee7a806.jpg,2,train
f19d8dd6a38548f9.jpg,2,val
0a0b92deb362ca70.jpg,2,train
c4700f5866fce336.jpg,2,train
7cbd220dcb1b86b5.jpg,2,val
5525de2f63741b5b.jpg,2,train
173ab67f24fab714.jpg,2,train
a6bb690b74a87d2e.jpg,2,train
662c7d5df85037c6.jpg,2,train
422b5b53d8791739.jpg,2,train
fbd6cced0d01b2d7.jpg,2,test
ede3f7c2e93ebb11.jpg,2,test
7a284f107264cebc.jpg,2,train
297454ac9071fae4.jpg,2,val
344a83f7b2d2e088.jpg,2,train
cad3a89a08c17110.jpg,2,train
0b027f958d000419.jpg,2,test
16f2c13f66af7676.jpg,2,val
e88855356cdd073d.jpg,2,train
674a2c6ee5158338.jpg,2,test
668cf9f16d4255ce.jpg,2,train
e58b45f0d16a6cb2.jpg,2,test
bfa80c26ad3fc43c.jpg,2,val
15ea078c526ca18a.jpg,2,train
09d03169d2416640.jpg,2,val
a4bce3fb626d3141.jpg,2,train
77161f9ac1acfaeb.jpg,2,train
59c4e6c3f01d8749.jpg,2,train
c586d6b2acfcf3fa.jpg,2,test
95f872f3afd49406.jpg,2,train
0dace9ac0198498e.jpg,2,train
397399b8999a58b5.jpg,2,test
5299771b560d9613.jpg,2,train
ffebf0ced598cc49.jpg,2,train
cf88750ed22de57b.jpg,2,test
fa78d6b46d7dc40c.jpg,2,train
0271c28b8392fdf4.jpg,2,train
ae5e71888292e66c.jpg,2,val
5f4c6cff3be7cba5.jpg,2,test
bde64acd08fc84a2.jpg,2,train
9a2e80f07355d905.jpg,2,val
aa357fba8cce9f5a.jpg,2,train
6c62a8502bcdb3b4.jpg,2,train
ec010a40bb9d4f6f.jpg,2,train
f38ddf43c7b36276.jpg,2,train
c20056059827c011.jpg,2,train
a5ea0ef107adaa06.jpg,2,train
69fa47b731467d01.jpg,2,train
328f591ba198f56c.jpg,2,train
180a2f0b272a6cfd.jpg,2,train
00233047519fe6ff.jpg,2,train
318cb9d4daaa122a.jpg,2,train
1931d66cb55e3ef4.jpg,2,train
a93ff055ac2b1fc1.jpg,2,val
e5564b0cdb32537f.jpg,2,train
cdff896cff9f19a3.jpg,2,train
dc2e1d14b478c99b.jpg,2,val
3dcd87fb9efa85f9.jpg,2,train
d3ee33142b4b4492.jpg,2,train
53da5e8ba34c0825.jpg,2,train
03b6bab10bf31cc6.jpg,2,train
b58fbb7096b522a5.jpg,2,train
18962f46b9585fc7.jpg,2,train
259c8402c9c30457.jpg,2,test
8c6ee9918bf7be73.jpg,2,train
1a6eae3485522a5c.jpg,2,test
efdaf0576a73c7b6.jpg,2,train
4f2fd042d49287e4.jpg,2,train
a03832476919c2f9.jpg,2,train
eeaaa897f284f79d.jpg,2,test
5b26ad654324f71b.jpg,2,train
cd9aa2ac1b190acf.jpg,2,val
a44b0e270761d2ef.jpg,2,val
1f188e7013f99100.jpg,2,train
7c6c174b9ac5491d.jpg,2,train
78416292d99c785e.jpg,2,train
473f2c1b5c32507c.jpg,2,train
8c650d47c5f1043c.jpg,2,test
9f37210bde0e5ea8.jpg,2,train
cd28a43ca9082f77.jpg,2,train
ce7220f32660d583.jpg,2,train
cee8acb9e9a9ccc0.jpg,2,train
7dd46c9eaea5cd28.jpg,2,train
bb59ae46ab4f5604.jpg,2,train
bde64acd08fc84a2.jpg,2,train
0842d51d93bd24e9.jpg,2,val
5127e25dfb0afaef.jpg,2,val
8c88d6bce1154348.jpg,2,train
d8da6d900965b502.jpg,2,train
5ec2282f31bcdab1.jpg,2,train
155a65f08c1c8d53.jpg,2,val
35a0c78c52d4263a.jpg,2,test
411aa96d849c14de.jpg,2,train
b0ee25d676a24edd.jpg,2,train
487ffcfd1efbb31a.jpg,2,train
b293efe654a18244.jpg,2,train
29899fdf25ed432a.jpg,2,train
ff77140b5c2c6e27.jpg,2,train
7d0ab2bfb4723a2d.jpg,2,train
faf40c8721240bbf.jpg,2,train
d1d10bfc72027006.jpg,2,train
90a8cf3d0bbd7947.jpg,2,train
941de0402d485eac.jpg,2,train
3d133cebfbebabc4.jpg,2,train
e4f20bc5eaa00c53.jpg,2,train
d404497a31e485e7.jpg,2,train
784b1bfa6825b939.jpg,2,train
a5b4ab4d4fe9cc2a.jpg,2,test
0a1dabba293845c3.jpg,2,train
7857d63f900ce5f4.jpg,2,train
6ce7ff0b149f2b64.jpg,2,test
1c097fc2ae56f26c.jpg,2,val
e2908af2b614060b.jpg,2,train
2538f957c3289e7a.jpg,2,test
3fcfd9e0d7ae02b2.jpg,2,train
6bb4ff919fc46046.jpg,2,test
97ad35072fadb2b7.jpg,2,train
8297525d60fe1697.jpg,2,train
5ac82b778d8981d7.jpg,2,train
1bf060bda99bfb37.jpg,2,train
c8605f88fde30122.jpg,2,train
ce97a2ccdf8b446a.jpg,2,test
77e61c6de36da49e.jpg,2,train
d57d33d894b9870c.jpg,2,train
e094d5bb0362636d.jpg,2,train
53aa9ccfe59202c3.jpg,2,train
636746c2ff2558b4.jpg,2,train
c8ada8de1b5e519e.jpg,2,train
89af0ac2174c6457.jpg,2,test
de9f27bad8198884.jpg,2,val
244bc27b0c5f8854.jpg,2,train
11fb30c8e277264f.jpg,2,train
a32135a7a0c33ce9.jpg,2,train
22b7d73759fcae89.jpg,2,test
593c0ee041cc4508.jpg,2,train
57d83a9c6f364905.jpg,2,train
d6d2c8eb17e09cea.jpg,2,train
edbf97c1a5de6305.jpg,2,train
236fc110ff8c392a.jpg,2,train
9a468ac999a6bba8.jpg,2,train
7a1359e880b9f78d.jpg,2,val
360c3c17780e34b9.jpg,2,val
8cb975ddfef096eb.jpg,2,train
b554faef6df2368f.jpg,2,train
88dd4c94cc1627b4.jpg,2,train
aa0eaef935e29121.jpg,2,train
29001bc4ecd29398.jpg,2,train
1a8621d1abf5614b.jpg,2,train
279d496a24b364aa.jpg,2,train
b32accd92bbbd90f.jpg,2,train
c5c3c86e2eb8ed1a.jpg,2,train
aa0eaef935e29121.jpg,2,train
6bc62bd1b371ff01.jpg,2,train
cd7bf38069feffb5.jpg,2,train
dfccb3c4f801b7b5.jpg,2,train
bb4767c544328744.jpg,2,val
5299771b560d9613.jpg,2,train
6a20ff93ef20a1a3.jpg,2,val
f6b084abde9cccf1.jpg,2,train
64185141bbb1d5f5.jpg,2,train
36ac54927b194322.jpg,2,train
3fb9fa997ca5b0c3.jpg,2,train
2a37ae4e0e9e8c7b.jpg,2,train
bdf47c948baf0e39.jpg,2,test
7e94a00107d8ddb6.jpg,2,train
b4d899ce6020f3eb.jpg,2,val
713de52822791c8f.jpg,2,train
bc80372bcd246c1f.jpg,2,train
d0212e7e56373d3e.jpg,2,train
2d67e69e20c94f1f.jpg,2,test
257fc3f5aa4d2e95.jpg,2,test
4be7cf7d80458afc.jpg,2,train
15bed87a45485297.jpg,2,train
5a5187094fcd0af5.jpg,2,train
d81c0832db7350e8.jpg,2,val
853515a600d2f187.jpg,2,val
1a45188c09334047.jpg,2,train
c55f5a3952a23076.jpg,2,train
41f8cb7798bd01a2.jpg,2,val
13aef64d17f144a1.jpg,2,test
af5dd03b831a5fcb.jpg,2,val
d76f28672d08a988.jpg,2,train
b0ce52cb8e9940aa.jpg,2,train
c1a51ffb5deaca1f.jpg,2,train
a312dc71d5aefe40.jpg,2,train
1aad3085e1103d74.jpg,2,train
899336b433c83c2a.jpg,2,val
9194e9c092c97670.jpg,2,test
53aa9ccfe59202c3.jpg,2,val
1651e4c5c33051a9.jpg,2,train
32ee34143b949df6.jpg,2,train
a5f07d3c63045519.jpg,2,test
9feecab02bdb2fa1.jpg,2,train
86dffb228c9d3ed6.jpg,2,val
bb59ae46ab4f5604.jpg,2,train
87cdd55ba2df2f82.jpg,2,train
bca74a26fc30b5fb.jpg,2,train
ad05fdcc611c6537.jpg,2,val
88a3c651421b53a3.jpg,2,test
84a3ce47ae6ca3ce.jpg,2,train
eaa6030e2ff59ff6.jpg,2,train
7a88d5ed35582f13.jpg,2,train
1e71db0188a269c0.jpg,2,val
41711c26d7c138dd.jpg,2,test
055989273adeb250.jpg,2,train
4f64c1026acd12c8.jpg,2,train
7c6c174b9ac5491d.jpg,2,train
e926938ef043bf6b.jpg,2,train
65fd94dd6a373a4e.jpg,2,train
1aaf96dfd6d9a6e1.jpg,2,train
a0e8e592309b8729.jpg,2,train
bea46a68d498c1ee.jpg,2,train
fe291fe468059ba1.jpg,2,val
95a364620f8eceda.jpg,2,train
6273ec32f406733e.jpg,2,train
8621eb68594cb5be.jpg,2,test
a6bb690b74a87d2e.jpg,2,train
210ec16fb1286886.jpg,2,train
523909bfb0f53152.jpg,2,train
57481cb04d1c2003.jpg,2,train
aefb091e0a522343.jpg,2,test
3f91fef429a5720e.jpg,2,train
90d5549539d232a7.jpg,2,train
9b11cdc43a292e5e.jpg,2,train
3f8551952724b288.jpg,2,test
3faa96ab24ba2ea0.jpg,2,test
9e11e489a8300be0.jpg,2,train
9fbb69c5fd509525.jpg,2,train
f13788166c544698.jpg,2,train
3221bf53791a6232.jpg,2,train
d6c87afc0f17037b.jpg,2,train
f8649b6a12734144.jpg,2,train
81cee05ab1a47e8c.jpg,2,val
d3dc0809bc339ac8.jpg,2,val
9b17bf30acde3ef7.jpg,2,val
4800fcb90c4a039d.jpg,2,train
91a3a6f113b39f55.jpg,2,train
674a2c6ee5158338.jpg,2,train
1f3149bdbc5f1f3a.jpg,2,train
47a347d87737c261.jpg,2,train
078b4723eba20824.jpg,2,test
5d5f2bd52f72c532.jpg,2,test
dd49d7fdc5c32b9e.jpg,2,val
05544ab11dfabafd.jpg,2,train
ae6fc8034bdaeaff.jpg,2,train
60e39ca19d134b30.jpg,2,train
ffbac655b748109c.jpg,2,train
9e9a1b9b958e2831.jpg,2,train
da4447f66bfdc653.jpg,2,test
c74b14a2439cd4f1.jpg,2,test
642112b4ba3017d7.jpg,2,train
3ef37a2d6137164f.jpg,2,train
96c1953c7328bc16.jpg,2,train
0d36454518b73924.jpg,2,train
417eea2f43a6d579.jpg,2,test
301a47264228248e.jpg,2,train
075e3fe045883d32.jpg,2,train
45af85bc52101f66.jpg,2,train
c682b8439abc045a.jpg,2,val
fac72839985e388e.jpg,2,train
38b2d2a94369610a.jpg,2,train
34a2cceba60f5d5e.jpg,2,val
89934ae96b6d06ef.jpg,2,train
356a9b3176026dad.jpg,2,test
fa5e72acb1a1453e.jpg,2,test
e51d513812ded45c.jpg,2,train
cde1e3cdd433aa67.jpg,2,train
b090b0270a061778.jpg,2,train
454edb283bae81a6.jpg,2,train
0bad70656b498630.jpg,2,train
7f23da7f00140418.jpg,2,train
5f13c2af3239d919.jpg,2,train
6febbbca3d72fda7.jpg,2,test
d25cc4b9e598f0cd.jpg,2,train
1a3f7e4051ae5626.jpg,2,train
a81a547e1c523487.jpg,2,train
1b7928c8fc3f45e9.jpg,2,train
b61bd6ae8d796c6d.jpg,2,train
281494f39884faff.jpg,2,train
79c0583c21e0ea11.jpg,2,train
0ec1604403ac2165.jpg,2,val
a9522fad3334a325.jpg,2,test
3540c5897e7e6118.jpg,2,val
a754e17e97b3993d.jpg,2,train
5fde1f31e47ce0ce.jpg,2,train
62165210a14cc1dd.jpg,2,train
eaf422104142f201.jpg,2,train
8cf95408ff35e7d6.jpg,2,train
c8d5c5f029caaf42.jpg,2,train
117811843c59fb03.jpg,2,train
17d5883e89edb50e.jpg,2,train
bb6ff717585b04aa.jpg,2,train
37bfe5cb464a409d.jpg,2,train
f0496021935bf289.jpg,2,train
0ec48916d4bc7687.jpg,2,train
7f62fb61b417e72c.jpg,2,train
43cc4a366a602e04.jpg,2,train
5542b333cec2832d.jpg,2,train
8ce184184a907a7c.jpg,2,train
7bd5630224bd91f2.jpg,2,val
2847c296d71a5a3b.jpg,2,train
f7b84b667653deac.jpg,2,train
7a9c5ea891dc8532.jpg,2,train
47eac57f5a0c9467.jpg,2,test
85ffd065f196f90f.jpg,2,train
7e9874ee73912747.jpg,2,train
4c4484e3ed3c288d.jpg,2,train
e81571b92d8cac6e.jpg,2,train
2a83722a74b2ce5d.jpg,2,train
f09d3072bf210b1a.jpg,2,test
8c97d1f30f11871e.jpg,2,train
9a9b7983d0c7cb33.jpg,2,train
094b50619f424015.jpg,2,train
6be36fac8962971a.jpg,2,train
04759c574d5d963c.jpg,2,test
b8b9d0ea82001c86.jpg,2,test
e122c29a202f66f3.jpg,2,train
8b826814e66fe0c9.jpg,2,train
e0689e1a076626a1.jpg,2,train
f08e936e536cfa6a.jpg,2,train
425923d05e114e5c.jpg,2,train
97efeb2bfa4366d0.jpg,2,val
451c05992f55a402.jpg,2,train
a00a0e555d2502b2.jpg,2,train
3c6b200849f41ca3.jpg,2,val
18f8d7c0a5045d59.jpg,2,train
99bcba7ee95c297e.jpg,2,val
31d9c5a92d58b6dc.jpg,2,train
920c397ca0eec141.jpg,2,train
6d4b21f8a6994dc0.jpg,2,val
b31cd6bcedf243a6.jpg,2,val
8ccda05797bb54cd.jpg,2,train
6c779381b92747dc.jpg,2,train
3035a216ab16128e.jpg,2,train
c87854e8d58a3efd.jpg,2,train
63649414a2d2514e.jpg,2,test
a2217f51d4e4b305.jpg,2,train
d2eb27cf20be8fff.jpg,2,val
2ca34ab1ece7b92b.jpg,2,train
abcc5ba16ce3dff8.jpg,2,test
7736e8c451ded311.jpg,2,train
77c4be05a0bbae23.jpg,2,val
fba2484f863f2d60.jpg,2,test
cd3ac12ce70d2289.jpg,2,train
231a3bc0fc58c0ba.jpg,2,val
f7c74ef3938eea6f.jpg,2,val
f264838011973a4b.jpg,2,train
c52d5746babbf4a0.jpg,2,train
efdaf0576a73c7b6.jpg,2,train
aa0af0c8e1022857.jpg,2,train
dd20c0b913fad30c.jpg,2,val
04bfae969210b172.jpg,2,train
002679ba1c022bf8.jpg,2,val
f8b8663c0f0aec99.jpg,2,train
fe7c6ac877fe344f.jpg,2,train
27a933fac2e89aeb.jpg,2,train
521b4e58e470ff6a.jpg,2,train
690bb5e37d77b734.jpg,2,train
6b12c9c90596ddaf.jpg,2,val
6b4a54a83c7da921.jpg,2,train
f1b4f57f2ff9fc62.jpg,2,train
c4984cac7d042755.jpg,2,test
09c4e69d8d97510f.jpg,2,train
7a19565ddf2a8af2.jpg,2,train
f16a1a7bbcbcdac4.jpg,2,train
0a05b55bc60275c4.jpg,2,train
b7e9e94218b82049.jpg,2,train
86528fe95c8587a4.jpg,2,train
7de4efed6df63ecb.jpg,2,train
d8db6e2e9ddcec93.jpg,2,train
d106a502484bd27d.jpg,2,train
62ea5cddbf06de59.jpg,2,val
d1aed64390be59ba.jpg,2,train
e26fadd3d39587a6.jpg,2,train
2546cd1d26937aad.jpg,2,train
e399ec7c64906eff.jpg,2,val
93585cd5f73cf369.jpg,2,train
a98aa682dee9da30.jpg,2,train
b97a6aa39ae4c182.jpg,2,train
d4ac8a423ad0be44.jpg,2,train
320aff5292f1b252.jpg,2,test
1911cb7c131e1f04.jpg,2,train
cfa4cae36dd41f00.jpg,2,val
c90fea85b3a62863.jpg,2,train
50d1f82ec6023083.jpg,2,train
1afbbf7b1e79351e.jpg,2,val
893f1b1d200805dd.jpg,2,test
691700674380d17a.jpg,2,train
77e974bfd6103fcc.jpg,2,train
423d653820c880b5.jpg,2,test
4913485cc34b5a53.jpg,2,train
01d48d6a6f677506.jpg,2,train
a47c8069bb92c31d.jpg,2,train
319a6537bc9a6d30.jpg,2,test
1973464aab10a33e.jpg,2,train
18ff1aff42172119.jpg,2,train
494c5a911647cd32.jpg,2,train
ed8eafbfcfad544f.jpg,2,train
9047178f290a8a4a.jpg,2,val
32812b793b5d1641.jpg,2,train
d1350fe02b0ec6d6.jpg,2,test
db1723d2590fc650.jpg,2,train
2dd17a9a19611365.jpg,2,test
d87c90d28693e24f.jpg,2,test
5cab734488bb10ff.jpg,2,train
0a1334501dc4a74b.jpg,2,train
825b017fa6185be0.jpg,2,train
0bad70656b498630.jpg,2,test
e15c491467e03fda.jpg,2,train
372fbc46ca9335dd.jpg,2,val
04ec1e59e71d31fc.jpg,2,val
04a1b4b8b4c7e837.jpg,2,train
d3ad7c749b8343d7.jpg,2,train
62f6fba37740a04c.jpg,2,val
a093ad639e54cfe4.jpg,2,test
24d82886c288cecc.jpg,2,train
090172e593133018.jpg,2,test
c055c5450dbd4478.jpg,2,train
8aaa50d4f06db77f.jpg,2,train
d8e4a2cc0dfffa36.jpg,2,val
34a5d63e74d2b02e.jpg,2,test
3146d870d0d38e45.jpg,2,val
eaddd07e0a90a178.jpg,2,train
f895a9e3495133d9.jpg,2,train
abd7c077a9e1267a.jpg,2,train
ac0bb7baf9d3989a.jpg,2,train
096ab2568ab6d094.jpg,2,train
bd3879542505241a.jpg,2,train
1c30b8738d118831.jpg,2,train
3ab14c5643bcb88b.jpg,2,train
275094363be7de2c.jpg,2,train
bfc9ccc9c09648d9.jpg,2,val
5707dc92cbfbd262.jpg,2,test
2b6d7c186eb61706.jpg,2,train
b1f244ef0fde4a65.jpg,2,train
86fba2ddeb411979.jpg,2,train
4a5f2f639f526cf6.jpg,2,train
36eab33bf8cd36e5.jpg,2,train
020b3b314e4b69ee.jpg,2,test
33ab28454128dfc0.jpg,2,train
1ab7765a34aeb26e.jpg,2,train
6e8ea44093b7c56f.jpg,2,train
e72d35648101d2e7.jpg,2,train
c4870336cb7c470b.jpg,2,train
dc80025bc594bd39.jpg,2,test
d00080e82f077197.jpg,2,train
d992bb15c91077f0.jpg,2,train
4732b9ee1731cd44.jpg,2,val
7cdd54b4380b91de.jpg,2,train
bb3db983a2fa3c13.jpg,2,val
4c49bf9c5596ad39.jpg,2,train
4b75a75008c6cb47.jpg,2,train
cdbf106e670f4269.jpg,2,train
8098006a720d8a62.jpg,2,val
ed78efee84569e45.jpg,2,train
effab7019ea70962.jpg,2,train
b8173c127cf2f51a.jpg,2,train
f0565874b4e78344.jpg,2,train
d69794bf3edc6907.jpg,2,train
8f7003b42d1c5346.jpg,2,train
6ffe5c9af863c1db.jpg,2,train
b020b80486ecb2fe.jpg,2,train
95eedeb40955c930.jpg,2,train
70da259fd056cbb8.jpg,2,val
c65ff59ff0692d54.jpg,2,train
3d83dd15c48b14a5.jpg,2,train
ac264edd13da6aad.jpg,2,train
63d009a25de8c136.jpg,2,train
e22668ada34795ab.jpg,2,train
55ebfb7c94a96c9c.jpg,2,train
fd0d9edff77a193b.jpg,2,test
3f701de29399f9d8.jpg,2,train
d9c441ba1b55c587.jpg,2,train
4fe6fd38d8c30ddc.jpg,2,train
c5ce2c1d77661dc6.jpg,2,train
824a528e67c02339.jpg,2,val
4abe33a21fb00a2a.jpg,2,test
69f948a43b55f071.jpg,2,val
f2f83f1f06383b92.jpg,2,test
2eac34e2fcfc772c.jpg,2,train
671e2b90f333d1cb.jpg,2,val
3fc678977a1f60ba.jpg,2,train
5bf5f71f750d1493.jpg,2,train
10704a257b01d94d.jpg,2,val
f11c660540559d23.jpg,2,test
0b7039420893db0a.jpg,2,train
63a8547b0c3c629e.jpg,2,train
306cb877cf9ba044.jpg,2,train
3fc678977a1f60ba.jpg,2,val
ac0b645010d23809.jpg,2,train
d7dfcc1cec936206.jpg,2,val
9919b842fd44d626.jpg,2,val
f774d0b5b1da66a2.jpg,2,test
4f2fd042d49287e4.jpg,2,train
4b75a75008c6cb47.jpg,2,train
774b9b70e888e1af.jpg,2,val
4c9e89790f387e0a.jpg,2,val
60eac6c48bba1de6.jpg,2,train
1cec0a37562e3a13.jpg,2,train
d9c441ba1b55c587.jpg,2,train
d689a0d4150464a1.jpg,2,test
f07beea9684d70ea.jpg,2,train
be22c90366b7602e.jpg,2,train
6cf209ad5995e986.jpg,2,test
01a984b5b0bf0bed.jpg,2,train
856e7d8a98c8d5eb.jpg,2,train
dfb5ec58bced64c0.jpg,2,train
11dde15458707943.jpg,2,train
d83ca953bcab3915.jpg,2,train
fd604fd5d1b4d827.jpg,2,test
37dd8f73eba80fce.jpg,2,train
45ef8ae8e37ac6e9.jpg,2,train
f6b084abde9cccf1.jpg,2,train
55f1dd4065993430.jpg,2,train
5fbf0b147710bf2f.jpg,2,train
cf88750ed22de57b.jpg,2,test
ec8fdc19ac745034.jpg,2,train
683f0d6c224b92ae.jpg,2,train
e5a89f58adcd9478.jpg,2,train
9b17bf30acde3ef7.jpg,2,train
5cf155b23ed7ae29.jpg,2,val
a92027d948940842.jpg,2,train
bf44562cb6676662.jpg,2,test
275094363be7de2c.jpg,2,test
33da690f4a035c4a.jpg,2,train
e2497b5c2c35ed04.jpg,2,train
55fb0d5e3265b018.jpg,2,train
f62f68f78c536b63.jpg,2,train
d3be005131ae9e16.jpg,2,train
a1da8a6d399fca1a.jpg,2,val
6f38d44445e4d8d0.jpg,2,train
933e657bc05f5bc4.jpg,2,val
3cc8bc06dbdc305e.jpg,2,train
b4dedce01b570309.jpg,2,train
7caac82e7bc985d8.jpg,2,train
91052af8bb014d85.jpg,2,train
03de21e11d9491c7.jpg,2,val
5689c72a80c7ea16.jpg,2,train
e95dd115e4c1c58c.jpg,2,val
8f7003b42d1c5346.jpg,2,val
e4ef5967c1c0a96e.jpg,2,train
4ab57f8ffdb99ea8.jpg,2,test
fffaba7b04392b67.jpg,2,test
89713d0c01eb3d11.jpg,2,train
259c8402c9c30457.jpg,2,train
4559af34e1b76153.jpg,2,test
d9f08351eb3b8f9b.jpg,2,train
4f107f7ab4c2bdb9.jpg,2,val
678e4df6ab06cfc2.jpg,2,val
9960868eddd77ad4.jpg,2,train
7e773e236abe90d5.jpg,2,train
ca77c619f5feb9ab.jpg,2,test
1894d3fa72ad2b3d.jpg,2,train
c6615c25da733ca0.jpg,2,train
a1dd18d0714380de.jpg,2,train
1089559a24052ca0.jpg,2,train
2dffcc8eb10f310e.jpg,2,train
e313a30e75140672.jpg,2,train
1330898a109880db.jpg,2,test
5707dc92cbfbd262.jpg,2,train
12a878b252a64976.jpg,2,train
4472ce65ee2bab5c.jpg,2,train
94cbd34a48b07c46.jpg,2,train
aed4e3077afca4f4.jpg,2,val
33d13a2d568fd8a2.jpg,2,train
2958c0244cfa2b67.jpg,2,train
88c6dfc4f28df243.jpg,2,train
bee8d354342d6ca8.jpg,2,train
e08a22b40f9dfae1.jpg,2,train
e5c27ace69c1d7d1.jpg,2,train
d231ad49f49c34f8.jpg,2,val
9ff0dc5373cfc7d7.jpg,2,val
7a17036cacd3a618.jpg,2,train
2e0643248342e54b.jpg,2,test
37083260e38f1727.jpg,2,train
16f2b283598f5912.jpg,2,test
545dc687769872d5.jpg,2,train
fc92a8488f1a4a9a.jpg,2,train
65797f640c6dee66.jpg,2,train
96333216015e520d.jpg,2,test
2b1ae605a78403fb.jpg,2,train
71575d4d6d2ae0cd.jpg,2,train
7b4a5bd2118a3731.jpg,2,test
4bf50f5c688257c0.jpg,2,train
56e58ef4fe10771f.jpg,2,train
70ae36b1b4e8fdfb.jpg,2,train
2b07eadb659df66b.jpg,2,train
6ff5ef2d9e151db0.jpg,2,val
85a5fd190bf52b58.jpg,2,test
cd491bf4f5ab7ff9.jpg,2,train
3854387011edd704.jpg,2,train
fc92a8488f1a4a9a.jpg,2,test
543207e7c35846f4.jpg,2,test
4b0d1b7608f5746a.jpg,2,val
c7aeee564fdcc7d4.jpg,2,test
a48cc03033ca7ed9.jpg,2,train
116192637feddc5f.jpg,2,train
913bb6053508e6bf.jpg,2,train
b38d9e3d2b3fde35.jpg,2,test
26b7517a0642d2cc.jpg,2,train
dd4e350aaeb90976.jpg,2,val
01c93b0b92968d48.jpg,2,train
524c4de38d5a1c5f.jpg,2,val
833b9e666564d0f4.jpg,2,test
ace609da392c3136.jpg,2,train
813a884866d60980.jpg,2,train
16f2b283598f5912.jpg,2,train
84a3ce47ae6ca3ce.jpg,2,train
de581f09f8b2ac8a.jpg,2,train
75f745896daa7bfa.jpg,2,test
d2880588221b48d5.jpg,2,train
48c134837a21cfb4.jpg,2,test
9566d7fd47a195e3.jpg,2,train
e7674d2989285ba6.jpg,2,train
d98e3d1ec6b1e0f5.jpg,2,train
3e532cc4fc6474a9.jpg,2,train
f10ef7e42d04ce2b.jpg,2,test
90d5549539d232a7.jpg,2,test
a9b9f30531567a65.jpg,2,test
4d094926497a39cc.jpg,2,test
c66b5e3794d2cd16.jpg,2,train
c0f8b258cdce838d.jpg,2,train
dc1f4a71f5fee26e.jpg,2,test
c2dab9edf91e9a8c.jpg,2,test
eb429358ef41f4d1.jpg,2,train
78416292d99c785e.jpg,2,test
f556043961822acb.jpg,2,train
ff42202dc97395d8.jpg,2,train
1e08cc998ae478d1.jpg,2,train
3b09a994c72ad413.jpg,2,train
21ea4a09678a099a.jpg,2,train
7446aaff8c0d522e.jpg,2,test
79f099f9d3964fe1.jpg,2,train
273dc966215dd5cc.jpg,2,train
7899239921dc41a6.jpg,2,test
473f2c1b5c32507c.jpg,2,train
8fc21b300e82b4c0.jpg,2,val
4aa53d4418f66136.jpg,2,test
698a4dbee3004b6d.jpg,2,train
7eb1c32053a4f465.jpg,2,val
ddfc3c05731a77f9.jpg,2,train
e8748cf1d7da325d.jpg,2,train
dd79bbb6c7ea595a.jpg,2,train
b919e412224aa6ed.jpg,2,test
fb33d1086fd2ac2b.jpg,2,train
f15275c5a1078783.jpg,2,train
22f383cd5d188672.jpg,2,train
9a989621a569dc3d.jpg,2,val
be0762952a3bb987.jpg,2,test
30eda2bb8e432d60.jpg,2,train
52ebc4b3e0c7ce70.jpg,2,val
5b2260d9cc372a57.jpg,2,train
7ead1a5ebc0e1d8d.jpg,2,train
c8d2fd09117d60e6.jpg,2,val
c44f7b5fd6544e64.jpg,2,train
014553e4b5f23539.jpg,2,val
5121320e9e6031ed.jpg,2,train
414d5236cac670cf.jpg,2,train
d7f632fd55bd7df7.jpg,2,train
a1921ed695dc5da8.jpg,2,train
56f8621c812f6d1b.jpg,2,train
f6ca0eec8fc6426e.jpg,2,test
486485d5cb1b61f1.jpg,2,val
9a2237a77b4d45e2.jpg,2,train
33469b6be62f7ab7.jpg,2,train
3dacfeb0017af11d.jpg,2,train
68cd2ebf23a3738b.jpg,2,train
1e3d24910f206141.jpg,2,train
0e1703e50bb7716f.jpg,2,train
67de3aaf73178cd6.jpg,2,test
372c07076e6928c0.jpg,2,train
c2def89873b77d72.jpg,2,val
7a167137823e509f.jpg,2,train
45bf3f7985ef0443.jpg,2,test
30a1a17b7537fb34.jpg,2,train
6ffd30f610c5a6a5.jpg,2,val
46ae582c9cc89b78.jpg,2,train
c7d47bf86dc1f614.jpg,2,train
bab14e7216d69270.jpg,2,train
f7c0afd5f8317730.jpg,2,train
9393a7add9a1d38f.jpg,2,train
2fb24115a722c247.jpg,2,test
c07c8047ae05baa5.jpg,2,train
a4664ff2c80cf2ca.jpg,2,train
a5f07d3c63045519.jpg,2,train
99357c2f66951157.jpg,2,train
12281e362d9a1f16.jpg,2,train
124adde0d7540b4d.jpg,2,train
49fcc1ed51a5dc49.jpg,2,test
95a879754bf59e7c.jpg,2,train
165913c10bae616a.jpg,2,train
464f6c80ae166005.jpg,2,train
b6b6807c01e521f7.jpg,2,train
3e03ffd5fabdcaea.jpg,2,train
43641ffd56ee6719.jpg,2,train
c4199e3738ccf15a.jpg,2,train
53e48a80d3df769f.jpg,2,train
cf2534eee3edd517.jpg,2,train
ca2805bf508f24de.jpg,2,train
1af19f48016330c1.jpg,2,train
ce7e3120edbb8c91.jpg,2,train
e26a196889eb83ea.jpg,2,train
1db09be849c0e34d.jpg,2,test
71436319c4924c61.jpg,2,val
fb4e409336b2c0c2.jpg,2,train
6d177129880841ff.jpg,2,test
37e24bd6e4c8465e.jpg,2,train
03588311b2fe05ef.jpg,2,train
8073af25812c8e13.jpg,2,train
27244a677d96272f.jpg,2,train
cdebf0821efeec79.jpg,2,val
ec5ef2012568cf0a.jpg,2,train
2ec4c71ed937af7c.jpg,2,train
3cc12cbdd8cc919e.jpg,2,val
9a2e80f07355d905.jpg,2,test
f2c52a79f30e2254.jpg,2,train
f7638a6a248c3bcd.jpg,2,train
942d6a31cd0225fb.jpg,2,train
dedeb409df391518.jpg,2,train
3fd6a27c23c37d6c.jpg,2,train
216fc7d6205136d6.jpg,2,val
556db13909e09aac.jpg,2,val
0c210f337b6084dd.jpg,2,train
545dc687769872d5.jpg,2,train
98d9c89c4eb83954.jpg,2,val
f6c1fd2370aac723.jpg,2,val
e2be68c1fe645a44.jpg,2,train
a111982e53cdf029.jpg,2,train
7b9fef802028cb0d.jpg,2,train
06e37335cffb60e4.jpg,2,train
07ba957a6125d796.jpg,2,train
fdc704b7320a0c11.jpg,2,test
ff8c756c35213e98.jpg,2,train
cda7799003b4258f.jpg,2,train
269bb59ca012eca9.jpg,2,train
486485d5cb1b61f1.jpg,2,train
425923d05e114e5c.jpg,2,train
5aeb5626e7e673bd.jpg,2,test
3484884337a1900d.jpg,2,train
021490998a8b2468.jpg,2,val
d8da6d900965b502.jpg,2,train
312415b1c01045bd.jpg,2,val
752fbdf507602b40.jpg,2,test
adb1b3d7af9f62bd.jpg,2,train
ac180f3ab6bcd682.jpg,2,train
f09474122ea5bb27.jpg,2,val
272d6fcbf0215a0f.jpg,2,train
f2100f34db262230.jpg,2,val
341fd8883dcf6aba.jpg,2,train
1cbcd9859efb59e9.jpg,2,val
a3efb390955f794b.jpg,2,train
a9d8b961afbdc8f3.jpg,2,train
62165210a14cc1dd.jpg,2,train
d3e82560111bea97.jpg,2,train
2cc23ea2660e925c.jpg,2,train
f2e41217a065c71a.jpg,2,train
4caaf0527b0b6259.jpg,2,train
be53a59a55f180b1.jpg,2,train
7ef2624cc0ddb8dc.jpg,2,train
f2a18c49d94d5324.jpg,2,test
ec3635086b5e82f3.jpg,2,train
b9eb0105839df298.jpg,2,val
4f8b9053d9c2d3ca.jpg,2,train
f9d6b8eea40c724e.jpg,2,train
d72aac5d3263ca06.jpg,2,test
3fdc9b6010b24792.jpg,2,train
2b1ae605a78403fb.jpg,2,test
e1eb2798ed2efb59.jpg,2,train
2931da15eae6ca11.jpg,2,train
04dba94c13dfbb6c.jpg,2,train
68e8bb97a0217f57.jpg,2,train
737cce60d07f84ee.jpg,2,train
4dc8cbda8934a895.jpg,2,train
9d6b368d30f4274d.jpg,2,test
b26a2ed9daaa130c.jpg,2,train
218a0af51b8d54dd.jpg,2,train
d7097a01d0d491e2.jpg,2,train
27338ac20bbe7288.jpg,2,train
3efe246ef311c191.jpg,2,train
6527f5db56ff13e0.jpg,2,val
330a54659ff20812.jpg,2,train
17165ff3ef8ed3a0.jpg,2,train
d9bb188a3e37165e.jpg,2,val
d109b5cdbbd18326.jpg,2,train
fba3153cc0e97957.jpg,2,train
6f4111d138c7684c.jpg,2,train
3854387011edd704.jpg,2,train
fa652f5bf1474af1.jpg,2,train
de7ae68974c0c47a.jpg,2,train
ae09b36f4508b17e.jpg,2,test
f56d1feec3e64daf.jpg,2,train
2c5fa98a59090a7e.jpg,2,train
917cc5638c6ab8e3.jpg,2,train
b64e7b40b48cf910.jpg,2,train
30a1a17b7537fb34.jpg,2,val
624e5a0e13bc9420.jpg,2,train
e72540b9131b2356.jpg,2,test
ec513ba22b1fdb92.jpg,2,train
0ac8723f713eeed9.jpg,2,train
1d08c927290bd2c6.jpg,2,test
e68cf376ee17d4b3.jpg,2,train
af705f6606ea1d9c.jpg,2,train
81e939e35f5b05c8.jpg,2,train
4c2f38aef33c0721.jpg,2,train
18c08fd6202af662.jpg,2,train
47a43766455e2f4e.jpg,2,train
91df9f8fd784c515.jpg,2,test
061f88d125e1c889.jpg,2,train
0bb4f1182392acb0.jpg,2,train
12ffa2c7b583dfe3.jpg,2,train
2a54c1a307d6adea.jpg,2,train
ae13ddfa98e06a0b.jpg,2,val
55fc582382163480.jpg,2,train
60960d87a2cc3571.jpg,2,train
af51556c868089fd.jpg,2,train
3eb3923b1115a3e0.jpg,2,train
cb49ad677a892d63.jpg,2,val
6f4111d138c7684c.jpg,2,val
0fd9e49227616a0b.jpg,2,test
7a952372cfe3f739.jpg,2,val
0c87643179678ebf.jpg,2,test
fe3e2db7cb18d408.jpg,2,train
e7f6ed9017be5c08.jpg,2,train
61955d3cb93a85b4.jpg,2,train
61c0aac403e384af.jpg,2,train
b00645207fd95c37.jpg,2,train
3aa46a379da3f666.jpg,2,train
fe69a21bee872e52.jpg,2,train
4f8baee210ede813.jpg,2,train
b73a7b0e2ad8b0af.jpg,2,train
8bb7970e4b8e6db3.jpg,2,train
eb429358ef41f4d1.jpg,2,train
322d80e0a457b7c8.jpg,2,train
b54c4f08fd3a49af.jpg,2,train
f7c0afd5f8317730.jpg,2,train
66f5c9f56be05c05.jpg,2,train
f378b4e45b0c12dd.jpg,2,train
8672aa389a0f4b02.jpg,2,val
eefbe0c27eb16dda.jpg,2,train
985a9d8b1630bf40.jpg,2,train
737cce60d07f84ee.jpg,2,train
17895b9a25817f5f.jpg,2,train
870177217994f99a.jpg,2,train
612fe138353bd700.jpg,2,train
599907102eaf7288.jpg,2,train
5bf4c173fd49a1fa.jpg,2,train
50ae895712d2fb7c.jpg,2,train
724f70ef9826d379.jpg,2,train
2e96d4de6669a6f4.jpg,2,train
c2bd1fd6164fa962.jpg,2,train
1fc51ee4190e899d.jpg,2,train
019fe868fce8c9f2.jpg,2,train
11df0510c6d53a92.jpg,2,test
090c432eb2250d7b.jpg,2,train
5babb8be798ae780.jpg,2,train
79a69d79ae418614.jpg,2,train
0c2c208959a683c3.jpg,2,train
e44476379c7b1df6.jpg,2,train
f462bc34128369e6.jpg,2,test
50b30d18a684b81e.jpg,2,val
9de6037c8ab220e9.jpg,2,test
7bcd99a59ed650e3.jpg,2,train
727057afe0103ef2.jpg,2,train
ed07fc7234756f66.jpg,2,train
829b65c921cb1693.jpg,2,train
60ff4890d774315b.jpg,2,train
85920c8a9ca7f345.jpg,2,train
404e02026097cfd2.jpg,2,train
aad65be4fc3e9e64.jpg,2,test
6eeb258b63ab88a5.jpg,2,val
f06de999d777ab69.jpg,2,train
3437d1e03ea144df.jpg,2,train
30d78b0e58d6b7fe.jpg,2,train
475c5e3fb0566110.jpg,2,train
05544ab11dfabafd.jpg,2,val
be1403926219d5dc.jpg,2,train
12e891f0dbd900d8.jpg,2,test
0b1cdc724dba84f0.jpg,2,train
29fdd2d33d39deea.jpg,2,test
173e4675511d6e94.jpg,2,train
5bbc037eba25b21c.jpg,2,train
93adbcb166ce6394.jpg,2,train
3c07674a3187415e.jpg,2,test
77d374f0f8dfe763.jpg,2,train
7cbed391b7098dc3.jpg,2,train
634f314dd2adae17.jpg,2,val
a75bea10580f1691.jpg,2,val
de7ae68974c0c47a.jpg,2,val
97d0747232542d29.jpg,2,train
b30120c08b6e11be.jpg,2,train
562c23a45df5a07f.jpg,2,train
42406edb1de58c3c.jpg,2,train
5bb99b0994084771.jpg,2,train
d6c07473da299b8f.jpg,2,train
afb157c5e1a9ff12.jpg,2,train
fbda9413552c8939.jpg,2,train
92c6472977aeee60.jpg,2,train
e1eb2798ed2efb59.jpg,2,train
50f5c7b3187df7e4.jpg,2,test
9bf21d0a2192f58d.jpg,2,val
29bfa81c508c38da.jpg,2,test
2538f957c3289e7a.jpg,2,val
d1a69da6bafe7626.jpg,2,train
afef084af7725586.jpg,2,test
673be236667066d6.jpg,2,val
c399a0ce308cb29f.jpg,2,train
29a532ee9614d422.jpg,2,train
a9fb12bd31d535e8.jpg,2,train
051c8c935de4b9ca.jpg,2,test
1d8d3c94190744a1.jpg,2,val
dc80025bc594bd39.jpg,2,test
a5ce8a9421724d79.jpg,2,test
cdd64664ede46747.jpg,2,val
64f99decbf6e7ff1.jpg,2,val
eb4b04ca57a0674f.jpg,2,train
41d712060659eda6.jpg,2,train
8ca8145c25319a04.jpg,2,val
2b7e6a2ebd6e9480.jpg,2,val
345c84928f55cb1f.jpg,2,val
70590f6afe712a42.jpg,2,test
ffa2eb5ff03ed4b0.jpg,2,val
fed0490101b9964d.jpg,2,val
59dfdd6924d8aa3a.jpg,2,train
e40f1db46d977358.jpg,2,val
316c5b8d1e7a689f.jpg,2,train
388406ad2109aa46.jpg,2,test
65d480ea94ccc2bd.jpg,2,train
357c8860054927b3.jpg,2,train
67c74f7ca633727f.jpg,2,train
6b12c9c90596ddaf.jpg,2,train
7f5b384449c60bfe.jpg,2,train
cad9627aab7fe408.jpg,2,test
e607d95bd3a01949.jpg,2,test
561b4ea2b99453b0.jpg,2,train
019472127fd27684.jpg,2,train
7ed1fb9ea92ad729.jpg,2,train
2081c54218c10677.jpg,2,train
6136e31c65f1ae00.jpg,2,train
3fd6a27c23c37d6c.jpg,2,test
9f1b198fae9ae0d3.jpg,2,train
91410757e97f1a26.jpg,2,train
661d38dd8ec7b344.jpg,2,train
4c2f38aef33c0721.jpg,2,train
bb353dd0742d7d44.jpg,2,test
62582b4f798d9930.jpg,2,val
5fd757b5cb1084ea.jpg,2,train
3a1b703400415b7c.jpg,2,test
ff78c815b0dc0883.jpg,2,train
b6db716207e1af5f.jpg,2,train
be7bd2a3a6222f14.jpg,2,test
11ca1f7355155833.jpg,2,train
18588dae1d8a87c2.jpg,2,val
2138e59ddf3bef77.jpg,2,val
0d0ec8e4bbab426f.jpg,2,val
1db09be849c0e34d.jpg,2,train
d02da1bf57be9a15.jpg,2,train
345c84928f55cb1f.jpg,2,val
f4bd38ee6a7c5035.jpg,2,val
a78c4db46db95097.jpg,2,test
85f276728522e84f.jpg,2,test
c6c74953e0ff44f5.jpg,2,train
3e8e1f09cc439780.jpg,3,train
5e36d31f942fa66a.jpg,3,train
ecc51b50493054a4.jpg,3,val
14341e926d1e64fd.jpg,3,train
570b8608a5842ac1.jpg,3,train
b338ea5256abe782.jpg,3,train
9b945e5c97ee7494.jpg,3,train
22b9d806343f6170.jpg,3,test
09ae609f11ff8cc6.jpg,3,train
b61bd6ae8d796c6d.jpg,3,train
984a702d57943ed8.jpg,3,train
709c2cca3cf6ba92.jpg,3,train
58beb67325d272ce.jpg,3,train
4349b09ee11bdae9.jpg,3,train
1dcfcf939667ddbb.jpg,3,test
c431912d680692ce.jpg,3,train
b399b0bf4988b788.jpg,3,val
05795cfc40e547f8.jpg,3,train
078000953e204293.jpg,3,val
8e1fefcd1a760524.jpg,3,test
c5a2c6aa2fc9aafd.jpg,3,test
1b2502c09c9fa650.jpg,3,train
5c178cca7112a769.jpg,3,train
ce3d61f786e81533.jpg,3,train
0a6a9e38b00b7236.jpg,3,train
0840dc4d0fadf608.jpg,3,test
9e3ded9d066f0bd4.jpg,3,train
4d56d3d4ce0afb15.jpg,3,train
c3ab13966c0a8d97.jpg,3,train
c8cb83ad907a9c2c.jpg,3,train
3c4e8cbd96637bbd.jpg,3,train
3950b3885711c810.jpg,3,train
f10e1029239c9a52.jpg,3,val
590c8eb543aafdf5.jpg,3,train
39a9ebd88aa33ab0.jpg,3,test
0e7690d1e71d4665.jpg,3,train
6f953814aef9e534.jpg,3,train
b61afc911412055a.jpg,3,test
b960e32889ea9808.jpg,3,train
35ffd99dc94588aa.jpg,3,train
7bdab38747d9381f.jpg,3,train
2c8ef3fb907d449c.jpg,3,train
b432bcbe5c772b24.jpg,3,train
ae17ddadab1423a8.jpg,3,val
ebafe516ce0eb9d8.jpg,3,test
14dacc2c70e92362.jpg,3,train
02fa26fe3f424fba.jpg,3,test
79456b8bda0787fa.jpg,3,train
59ad557212ecd1f9.jpg,3,train
b80f746ba562b248.jpg,3,train
aca78d57329e5c64.jpg,3,test
1d1622a19dacd967.jpg,3,test
bcb99e091422a199.jpg,3,train
335672e60b1626c1.jpg,3,train
2cda0f6ec62dcab9.jpg,3,test
036dd61d36b2182a.jpg,3,train
05a01697e4eb9614.jpg,3,train
fc10ae39aae163e3.jpg,3,train
a33ebea24044d8ba.jpg,3,train
7ed4c445d05203aa.jpg,3,train
72ee5631829f8fe4.jpg,3,train
28b5d8b25056a88a.jpg,3,train
019472127fd27684.jpg,3,val
c18d5411b467d8bd.jpg,3,train
5c53565ea53bc643.jpg,3,test
beae7eb50a3e2b59.jpg,3,train
87864cbd09c9d173.jpg,3,train
dfad9c8a953ffc1a.jpg,3,test
5b6390dc6aadd986.jpg,3,train
980d339e8a7b3939.jpg,3,train
7f10ad6a8f015e4c.jpg,3,train
ef13d1fcba7b85cb.jpg,3,train
7c8bab16f5cec1e7.jpg,3,train
4a5f2f639f526cf6.jpg,3,train
fb32e8824a307638.jpg,3,train
d64aea60082feefb.jpg,3,test
97c9ef392e3b420c.jpg,3,train
3867e108e70c2b09.jpg,3,train
c0c51ccf5003d7fa.jpg,3,train
53b97327bac972b2.jpg,3,train
4a74afda17caeea5.jpg,3,train
55b38d04e3356699.jpg,3,val
9c255d8a3f6d9690.jpg,3,train
5dd2e8c27bf7bdc5.jpg,3,train
3c30b6f9b17cc069.jpg,3,train
2ce0d5f509f5c51b.jpg,3,train
8494ec4ae9183b76.jpg,3,test
e926938ef043bf6b.jpg,3,train
6667d9b2ddcd054a.jpg,3,train
2e424a15232bdded.jpg,3,train
13ae98c8b6df9872.jpg,3,val
879c2d4554605e7e.jpg,3,test
451e8b577705b8f2.jpg,3,test
b3a201a586ff8631.jpg,3,train
6f0eac5de021043c.jpg,3,train
ea6911353f163917.jpg,3,train
c642b59c4d538060.jpg,3,train
4daa8be5813329f6.jpg,3,train
06485727acfa2411.jpg,3,val
7974b09abf6d2825.jpg,3,train
12d1503a300bb265.jpg,3,val
4dd09aaa0ae71906.jpg,3,train
7e96b725887b2523.jpg,3,train
9768fb98fdaaa066.jpg,3,train
53bf9e9304012a9d.jpg,3,test
3b27940aae6c274a.jpg,3,val
35240a9c317698d2.jpg,3,train
e10b09dd070f738a.jpg,3,val
d170c335aed22236.jpg,3,val
3f33d5a869cf7da5.jpg,3,train
ca2f92de59e787a5.jpg,3,train
ea6911353f163917.jpg,3,val
f61fe0eee64e9586.jpg,3,train
44f22c856eb437c0.jpg,3,train
789767c7373f286f.jpg,3,train
cb523b8df87bb6a3.jpg,3,train
3ede7fa2d9329ae3.jpg,3,train
b715fa44c78b239b.jpg,3,train
019472127fd27684.jpg,3,train
55b38d04e3356699.jpg,3,train
53175c0cb55e35e4.jpg,3,val
8a97c34afd998c39.jpg,3,train
a10434061803aef6.jpg,3,train
50e3019992de380b.jpg,3,train
2217e302118cbff3.jpg,3,train
054e9815ed8ca24a.jpg,3,train
698d17f5df010bdf.jpg,3,val
32adf58e13cd7609.jpg,3,val
82d686a4135c9aa8.jpg,3,train
7a19565ddf2a8af2.jpg,3,train
6425d88671ff7564.jpg,3,train
9570ef2871e3b30b.jpg,3,test
063303e2732f069b.jpg,3,train
70fd7eeda6dc6368.jpg,3,train
012d64cf24eff7aa.jpg,3,train
9309abfa087708bc.jpg,3,train
ef861973d7f889fd.jpg,3,test
564ef9a80cd6dea0.jpg,3,val
aba43de9429a24dc.jpg,3,val
24eb57a87735b9cf.jpg,3,train
106b2416ef7b64cf.jpg,3,train
e8b85095b7e35507.jpg,3,train
1ea7c01f7ae59924.jpg,3,val
f470887f524d5124.jpg,3,val
8cf0b5018dd1a356.jpg,3,train
7b95c1ab70bd5d37.jpg,3,train
fcf97c045206d162.jpg,3,test
480cfb49baa89d01.jpg,3,train
a1688d1fd9f106ad.jpg,3,train
e99faa03dc4bf4d5.jpg,3,test
bb488ba2d54965d5.jpg,3,train
716505d35d4c4e49.jpg,3,train
d58c636abb4a6013.jpg,3,train
89a99e74c76142c8.jpg,3,train
84eca12d6a8f59bc.jpg,3,train
3bcf0c48799d159d.jpg,3,train
155fda4fe0692ff8.jpg,3,test
2ffdc888fef827cd.jpg,3,val
93085e05b3f5b047.jpg,3,val
bea46a68d498c1ee.jpg,3,train
ef815f01d1368f91.jpg,3,val
9e11df072153596f.jpg,3,train
3e77b865cb46b0d8.jpg,3,train
9582582e41c9ec86.jpg,3,val
3927394d8dc030a1.jpg,3,train
b76766fc364bae10.jpg,3,train
8933f7d475ff7329.jpg,3,train
2a0b39cadbe7a10e.jpg,3,test
f7853e1a56d04b26.jpg,3,train
5d8ef8b1d05926d8.jpg,3,train
5781fb46a2a3c7ae.jpg,3,train
2a73240db704ca36.jpg,3,train
131307fa05b38620.jpg,3,train
207e2a85ad043df7.jpg,3,test
1ce0b611e1ce5348.jpg,3,test
051d8cb85635bc13.jpg,3,train
003b673184d0827c.jpg,3,val
fcf97c045206d162.jpg,3,train
ffa2eb5ff03ed4b0.jpg,3,train
c173add53f468282.jpg,3,train
54d47abdb8208c67.jpg,3,train
55636b71bc680df4.jpg,3,test
1868cdd5d3a06e87.jpg,3,train
daf1a5f827725359.jpg,3,test
f0a99bf9184e9075.jpg,3,train
e2ea0fbd0446e55e.jpg,3,val
2295dc614fea4de9.jpg,3,train
9b564ac98a3625dc.jpg,3,train
ffcc5aca1191c5a9.jpg,3,val
e70db617946cf22c.jpg,3,train
90134d741f75a049.jpg,3,val
f19d8dd6a38548f9.jpg,3,train
8c97d1f30f11871e.jpg,3,train
90c568e9469b2d17.jpg,4,train
c84344ea07dad772.jpg,4,train
ec383e3e20c9922e.jpg,4,val
a3ade7321ec6e42c.jpg,4,train
919444d7ad19852b.jpg,4,train
0aec661d014b792b.jpg,4,train
f9807a65a75b322e.jpg,4,test
1e2091577dd4004e.jpg,4,train
3bf9a8f2b6bce757.jpg,4,train
6441685ba2095519.jpg,4,train
a2b8ebce8aaf7c0a.jpg,4,train
01ed1304bb83d14b.jpg,4,train
35cc030c4c44c356.jpg,4,train
630de8c4be331931.jpg,4,train
634125a6de762721.jpg,4,train
68bfcd0d30408185.jpg,4,val
4e5573e89c9f7294.jpg,4,train
f83419c5d5440d54.jpg,4,train
a9bdfb82858a0201.jpg,4,val
421f3640c9f94d9a.jpg,4,train
40bb40d21524e00a.jpg,4,train
3af4cb033d93d2d2.jpg,4,train
b3837180832e09f8.jpg,4,train
403d92589f92e911.jpg,4,train
8098237c26a4b3ef.jpg,4,train
336cc455fed9168c.jpg,4,train
2b768bdac9c6c6ae.jpg,4,train
38e71bb50a3ad68f.jpg,4,train
0b574afde4557100.jpg,4,test
4852c291cd638656.jpg,4,test
c894cf0161cf8e32.jpg,4,test
79b26071f86c3254.jpg,4,train
d15cb1ce3f238b4a.jpg,4,train
e5fd443bb7f28d1c.jpg,4,train
1fe6bde3d78fd73b.jpg,4,test
b02c60df3bb921d8.jpg,4,train
6cd374489a393e11.jpg,4,test
3c77c14d8c6d2c0c.jpg,4,train
f3dc1501a98a1ea3.jpg,4,train
ed3240cb8a8f24bd.jpg,4,train
847948ceec513771.jpg,4,train
7559ade0570e0a5d.jpg,4,train
a157601bd8313a99.jpg,4,train
8585feacbf29548c.jpg,4,train
7f20e6be1a0fb3b3.jpg,4,test
2044cf6606d8b84a.jpg,4,val
e4fc6b723073c1de.jpg,4,test
fed7e11752a4db97.jpg,4,train
16af7d7ddbf8122c.jpg,4,train
28d06cb9650204d8.jpg,4,train
6c742b933a80cf94.jpg,4,test
0ee6959e2787872f.jpg,4,train
37e24bd6e4c8465e.jpg,4,train
cdf7be4dbb918627.jpg,4,train
82d686a4135c9aa8.jpg,4,train
94e782aa75ed189b.jpg,4,test
ef8f810a62c68ff3.jpg,4,train
c3f43e4c9849b207.jpg,4,train
69cad9cd075bcb93.jpg,4,test
6ea5db79cb0f9bc9.jpg,4,train
2c1607d255fb7d21.jpg,4,val
52d30d7094e1c77d.jpg,4,train
195c7703478332d9.jpg,4,val
de1659a07f735dea.jpg,4,test
7305e81127ab3ead.jpg,4,train
54e16485c6a9a7a9.jpg,4,val
ef53e75244023e3f.jpg,4,test
8fbcbc82b4c16f1d.jpg,4,val
28c50f150df8fb8c.jpg,4,train
fe6d903ce4cab71a.jpg,4,train
0de5506bf52cf168.jpg,4,train
fe6d903ce4cab71a.jpg,4,train
a72c683f713eb2bd.jpg,4,train
672a5b224802f549.jpg,4,train
b83c605cdf7e1ec9.jpg,4,test
aa44e86f13a1e55b.jpg,4,train
d122e002e8ad8167.jpg,4,test
73851af5a03c2ec0.jpg,4,val
90721995b8bf3d54.jpg,4,train
30d78b0e58d6b7fe.jpg,4,train
bcf977def3311b7a.jpg,4,train
5c242a0694d76ef2.jpg,4,train
a47545643d319a95.jpg,4,val
b49dbc6893bdfd1a.jpg,4,val
d4d4ba1994d60529.jpg,4,train
7c392a9ce3ac0a5f.jpg,4,train
21b72a2959443e6e.jpg,4,test
593ce0fcddbfb5fc.jpg,4,train
8e16de927711ec77.jpg,4,train
f9c769361e840714.jpg,4,train
a96c306901326d64.jpg,4,train
4ea5cde0fbbeff8e.jpg,4,train
88c2a4344e279c64.jpg,4,train
0280977b5e903d52.jpg,4,train
3af4cb033d93d2d2.jpg,4,train
09b1ab2aa9d25725.jpg,4,train
2a75a8acca9e2ae2.jpg,4,val
c2381ce4114e0754.jpg,4,val
d68b73a6865ac3e9.jpg,4,train
886df33aaa233d99.jpg,4,train
a20c2f3a3f95d2d0.jpg,4,train
c10efff2593ac0f7.jpg,4,train
ef0b92208cbba5c3.jpg,4,train
de581f09f8b2ac8a.jpg,4,train
90134d741f75a049.jpg,4,train
517a72f2404aa09d.jpg,4,train
3167ee99e3cc9fbd.jpg,4,train
2ca816511ef69b2b.jpg,4,val
181a60032c0aa052.jpg,4,train
2bb2fa28b7713f65.jpg,4,val
50d804250f446e13.jpg,4,train
52496e9b7084831a.jpg,4,train
ada8ef9dcd90dd19.jpg,4,test
cccedf43e241a1e7.jpg,4,train
fdd822a203b6ac5b.jpg,4,train
421f3640c9f94d9a.jpg,4,test
ee40f5b048edee5d.jpg,4,train
ec4f29d1ecbee856.jpg,4,val
8813278f214c203c.jpg,4,train
bb0e2e8f46e65e06.jpg,4,train
85a9a8416bd30b16.jpg,4,val
efa407f172a1de03.jpg,4,test
6be5d390024e3b06.jpg,4,train
91f7dd6a0c2eee8c.jpg,4,test
13a1d0249350ee4d.jpg,4,test
e916886df7f2d069.jpg,4,test
e93dd840df17766b.jpg,4,train
4e7096f33dab19fe.jpg,4,val
57a1b552fd55d967.jpg,4,train
8a6a68283c013df1.jpg,4,train
4a7a2f647b8c48e4.jpg,4,val
387b577b7b432aa4.jpg,4,train
b072cde5aa88f20a.jpg,4,train
e5d14c10823a34dd.jpg,4,test
bf90febb8a685ec8.jpg,4,train
06990dec615d89bf.jpg,4,train
c5c6adf3d7a2d2dc.jpg,4,val
692707b8f0f357d6.jpg,4,val
af422637819af0bd.jpg,4,train
ce864fadcfed8469.jpg,4,train
ac1deb1a1e9fe1b0.jpg,4,train
99836005b968fecd.jpg,4,val
cf6a4a7baf648fdb.jpg,4,train
e0690b4fbecde436.jpg,4,train
4f9ca772db2fe9de.jpg,4,val
559646ffffeef621.jpg,4,train
b489d2f974ffc88a.jpg,4,train
a31a54c90256b711.jpg,4,test
0ca78851c5acfea8.jpg,4,train
e0cfa701bc57bdcd.jpg,4,train
1de516080dd98a8d.jpg,4,train
b409a317ee96da24.jpg,4,train
f84755d63d14a7ed.jpg,4,train
5121320e9e6031ed.jpg,4,test
24d921c767c1ab51.jpg,4,test
398df25aa844cfed.jpg,4,test
6bee5f3576b2e9bd.jpg,4,test
adb79004173849b2.jpg,4,train
bae2cf33ad021329.jpg,4,train
ada3ae460d41b070.jpg,4,train
dce0f2d70259f0c7.jpg,4,val
2dec6dc0f9251846.jpg,4,train
83fdb9780a51ba30.jpg,4,val
7e523c9d5edbd4d6.jpg,4,train
097760b8e20b2a54.jpg,4,val
566fd637b488197f.jpg,4,train
cf389b65decd3f90.jpg,4,train
df8cbe3670dc6d2c.jpg,4,train
376a28e86607cb82.jpg,4,val
dc9bbbf398bb7996.jpg,4,test
bb7ee72ed1800c99.jpg,4,train
97ff2ede6c9e4309.jpg,4,train
6a3acff1ee083fcc.jpg,4,train
b1675ec85304120f.jpg,4,train
f97e3d2704b350f6.jpg,4,test
11b6253890ffcc9d.jpg,4,test
bf147106e50a9ba4.jpg,4,train
b6ebe3849efebff8.jpg,4,val
6a9ca198a22df96b.jpg,4,train
f92e36e893554e9c.jpg,4,train
41e38a5d375c9415.jpg,4,val
a416f0c5a2825542.jpg,4,train
4ad7034f73bbc03d.jpg,4,train
7751b088bdce8d71.jpg,4,train
9393a7add9a1d38f.jpg,4,train
efcb6af9b3fc6337.jpg,4,train
f73eb109ab93ca12.jpg,4,train
b3425d51c4282896.jpg,4,val
04b8c9ac1f058e46.jpg,4,train
ff21da670729a4d8.jpg,4,train
daf9482292b01d58.jpg,4,train
79a957c4551807dd.jpg,4,train
95c3e24123d9161a.jpg,4,test
a8ae50f740fa1615.jpg,4,train
237dff5333baa8f5.jpg,4,train
0f823be4368ef263.jpg,4,test
d5d3796eaf0639e2.jpg,4,train
181af9685d633f0e.jpg,4,train
3e0cb76ee8037153.jpg,4,train
1388ffa045af2e1c.jpg,4,train
b633e7cda2708184.jpg,4,test
d1bcec67953fb13d.jpg,4,test
665568faf0bd8f43.jpg,4,train
03f6dc3856061641.jpg,4,test
2a4605213d077b7d.jpg,4,train
ef6d08bc0205e8eb.jpg,4,train
51f0fae11f02c64f.jpg,4,val
12d004df730f722a.jpg,4,train
6c090bcd3bcdb000.jpg,4,train
75948cf958f8a44f.jpg,4,train
36c81e5bafa000c8.jpg,4,train
733fc07b0a93c4b4.jpg,4,train
839a851a7c57ede4.jpg,4,train
721d133572f94ae9.jpg,4,train
a14c412003dcb013.jpg,4,train
4ca490d280dcfae5.jpg,4,train
847948ceec513771.jpg,4,train
691eda7dc6a0ace9.jpg,4,train
639eef75e1625f99.jpg,4,train
e156ac89dea16bd0.jpg,4,train
9e9818e0f8acc98d.jpg,4,train
36797227b8109b01.jpg,4,train
3e0cb76ee8037153.jpg,4,train
4ab3d945fa1a38db.jpg,4,val
4f81600a9d699eb8.jpg,4,train
a4ccfedab84d172c.jpg,4,train
14a8cf2c73c1c01a.jpg,4,train
a098e431b7c93c52.jpg,4,train
0ab46dac44a3edab.jpg,4,train
f9807a65a75b322e.jpg,4,train
992abc41a1594dea.jpg,4,train
03e2c454e412e4c3.jpg,4,train
c39529db92d4d60b.jpg,4,train
c58894c03c804e29.jpg,4,test
cb640befffecb5b1.jpg,4,train
12fa41ec8cc5ddf9.jpg,4,train
d0d824db0ae07267.jpg,4,train
a9eed5088748b850.jpg,4,val
e58fa38317319e26.jpg,4,train
26dd1d7203ab8cde.jpg,4,train
3cfc34519991fd48.jpg,4,train
83b6f1f0413c62c5.jpg,4,train
3cc2fd41175f2459.jpg,4,train
2b2c365dd43516b1.jpg,4,train
39a47508b6bde771.jpg,4,test
ba897940e0b5cbb9.jpg,4,train
a4fb9a3594388bac.jpg,4,train
9e9818e0f8acc98d.jpg,4,val
722aa4a43adf57ce.jpg,4,train
9bfa749d1a2b7c76.jpg,4,train
1898b0d914611b23.jpg,4,train
39a47508b6bde771.jpg,4,val
e58d520647a494b2.jpg,4,train
3c9188a89ef81014.jpg,4,train
8ad79a22804f1868.jpg,4,train
d68b73a6865ac3e9.jpg,4,train
ad85df0987a51f4e.jpg,4,train
471a9e021effcfa5.jpg,4,train
6d177129880841ff.jpg,4,train
59c0adcdb68bffd5.jpg,4,test
55250f2d1443860b.jpg,4,train
d0939f43ae30589b.jpg,4,test
42ec985c8648fce0.jpg,4,val
1cec15889359b00d.jpg,4,train
aed4e3077afca4f4.jpg,4,train
43a975e91f7de021.jpg,4,train
8a871cac8a080563.jpg,4,train
7e2387fa981e9d6f.jpg,4,val
29ceecf01defbab0.jpg,4,test
91f7dd6a0c2eee8c.jpg,4,val
6cee7ff9b976f1c8.jpg,4,val
17bb387d3f890144.jpg,4,train
1573f0e9c3af26d9.jpg,4,train
839a851a7c57ede4.jpg,4,train
7e5fb61a45093a7f.jpg,4,test
47a866a40cb03340.jpg,4,train
ad553cbd9608cc30.jpg,4,train
b5c157bffa98264b.jpg,4,train
e08a22b40f9dfae1.jpg,4,test
1dcfcf939667ddbb.jpg,4,train
9eb336866a8fb13a.jpg,4,train
cd00b43c50970403.jpg,4,val
cde4d3a1f06a77ac.jpg,4,val
40457b870ab88d83.jpg,4,val
14be7aac14c8345b.jpg,4,train
ef62af1db9a2167c.jpg,4,train
79b26071f86c3254.jpg,4,val
39ba0b2a7c5e188c.jpg,4,train
3aab22310bd6f01a.jpg,4,val
50d2459f59f84d33.jpg,4,train
11c3d811c2776308.jpg,4,train
b897d214b7cfbed2.jpg,4,train
4eb4a6d148c1fe0b.jpg,4,test
722365edc8195961.jpg,4,train
bed76cec2d6a7b92.jpg,4,train
